Workbook

Sheet DATA
A1: MCDM— Données (9 critères)
A2: Alternative | B2: EF Single score | C2: Density (g/cm³) | D2: Tensile Modulus (GPa) | E2: Tensile Strength (MPa) | F2: Elongation at break (%) | G2: Flexural modulus (GPa) | H2: Flexural strength (MPa) | I2: CTE (µm/m·°C) | J2: Raw material cost (€/kg) | K2: Toggle mode
A3: Sens (benefice/cout) | B3: cout | C3: cout | D3: benefice | E3: benefice | F3: benefice | G3: benefice | H3: benefice | I3: cout | J3: cout | K3: CRITIC
A4: Weight (somme = 1) | B4: 0.11111 | C4: 0.11111 | D4: 0.11111 | E4: 0.11111 | F4: 0.11111 | G4: 0.11111 | H4: 0.11111 | I4: 0.11111 | J4: 0.11111 | L4: Somme des poids: | M4: =SUM(B4:J4) -> 0.99999
A6: Random weight | B6: =RAND()+0*MATCH($K$3,{"MANUEL","ALEA"},0) -> #N/A | C6: =RAND()+0*MATCH($K$3,{"MANUEL","ALEA"},0) -> #N/A | D6: =RAND()+0*MATCH($K$3,{"MANUEL","ALEA"},0) -> #N/A | E6: =RAND()+0*MATCH($K$3,{"MANUEL","ALEA"},0) -> #N/A | F6: =RAND()+0*MATCH($K$3,{"MANUEL","ALEA"},0) -> #N/A | G6: =RAND()+0*MATCH($K$3,{"MANUEL","ALEA"},0) -> #N/A | H6: =RAND()+0*MATCH($K$3,{"MANUEL","ALEA"},0) -> #N/A | I6: =RAND()+0*MATCH($K$3,{"MANUEL","ALEA"},0) -> #N/A | J6: =RAND()+0*MATCH($K$3,{"MANUEL","ALEA"},0) -> #N/A
A7: Effective weight | B7: {=IF($K$3="ALEA",B6/SUM($B$6:$J$6), IF($K$3="CRITIC",INDEX(TOPSIS!$L$134:$T$134,1,COLUMN()-1), IF($K$3="ENTROPY",INDEX(TOPSIS!$L$366:$T$366,1,COLUMN()-1), B4)))} -> 0.10360018 | C7: {=IF($K$3="ALEA",C6/SUM($B$6:$J$6), IF($K$3="CRITIC",INDEX(TOPSIS!$L$134:$T$134,1,COLUMN()-1), IF($K$3="ENTROPY",INDEX(TOPSIS!$L$366:$T$366,1,COLUMN()-1), C4)))} -> 0.10681275 | D7: {=IF($K$3="ALEA",D6/SUM($B$6:$J$6), IF($K$3="CRITIC",INDEX(TOPSIS!$L$134:$T$134,1,COLUMN()-1), IF($K$3="ENTROPY",INDEX(TOPSIS!$L$366:$T$366,1,COLUMN()-1), D4)))} -> 0.079132717 | E7: {=IF($K$3="ALEA",E6/SUM($B$6:$J$6), IF($K$3="CRITIC",INDEX(TOPSIS!$L$134:$T$134,1,COLUMN()-1), IF($K$3="ENTROPY",INDEX(TOPSIS!$L$366:$T$366,1,COLUMN()-1), E4)))} -> 0.097058973 | F7: {=IF($K$3="ALEA",F6/SUM($B$6:$J$6), IF($K$3="CRITIC",INDEX(TOPSIS!$L$134:$T$134,1,COLUMN()-1), IF($K$3="ENTROPY",INDEX(TOPSIS!$L$366:$T$366,1,COLUMN()-1), F4)))} -> 0.10913698 | G7: {=IF($K$3="ALEA",G6/SUM($B$6:$J$6), IF($K$3="CRITIC",INDEX(TOPSIS!$L$134:$T$134,1,COLUMN()-1), IF($K$3="ENTROPY",INDEX(TOPSIS!$L$366:$T$366,1,COLUMN()-1), G4)))} -> 0.077157486 | H7: {=IF($K$3="ALEA",H6/SUM($B$6:$J$6), IF($K$3="CRITIC",INDEX(TOPSIS!$L$134:$T$134,1,COLUMN()-1), IF($K$3="ENTROPY",INDEX(TOPSIS!$L$366:$T$366,1,COLUMN()-1), H4)))} -> 0.087306732 | I7: {=IF($K$3="ALEA",I6/SUM($B$6:$J$6), IF($K$3="CRITIC",INDEX(TOPSIS!$L$134:$T$134,1,COLUMN()-1), IF($K$3="ENTROPY",INDEX(TOPSIS!$L$366:$T$366,1,COLUMN()-1), I4)))} -> 0.22601941 | J7: {=IF($K$3="ALEA",J6/SUM($B$6:$J$6), IF($K$3="CRITIC",INDEX(TOPSIS!$L$134:$T$134,1,COLUMN()-1), IF($K$3="ENTROPY",INDEX(TOPSIS!$L$366:$T$366,1,COLUMN()-1), J4)))} -> 0.11377476 | L7: Somme des poids ALEA: | M7: =SUM(B7:J7) -> 1
A8: Flax/Epoxy | B8: =ROUND('LCA Criteria'!I33,2) -> 0.59 | C8: 1.35 | D8: 35 | E8: 610 | F8: 1.8 | G8: 39 | H8: 520 | I8: =20*10^-6 -> 2e-05 | J8: 3.8
A9: Carbon/Epoxy | B9: =ROUND('LCA Criteria'!J33,2) -> 4.98 | C9: 1.42 | D9: 120 | E9: 2135 | F9: 1.15 | G9: 134 | H9: 1815 | I9: =2.98*10^-6 -> 2.98e-06 | J9: 20
A10: Glass/Epoxy | B10: =ROUND('LCA Criteria'!K33,2) -> 0.69 | C10: 1.8 | D10: 40 | E10: 1135 | F10: 1.3 | G10: 43 | H10: 965 | I10: =35*10^-6 -> 3.5e-05 | J10: 4
A11: Aluminium template | B11: =ROUND('LCA Criteria'!L33,2) -> 1.58 | C11: 2.7 | D11: 70 | E11: 330 | F11: 3.4 | G11: 70 | H11: 325 | I11: =23*10^-6 -> 2.3e-05 | J11: 10
A12: Chromium steel template | B12: =ROUND('LCA Criteria'!M33,2) -> 0.77 | C12: 7.9 | D12: 200 | E12: 750 | F12: 40 | G12: 200 | H12: 900 | I12: =17*10^-6 -> 1.7e-05 | J12: 2.5
A13: Hemp/Epoxy | B13: =ROUND('LCA Criteria'!N33,2) -> 0.55 | C13: 1.31 | D13: 28 | E13: 398 | F13: 2 | G13: 32 | H13: 340 | I13: =25*10^-6 -> 2.5e-05 | J13: 4
A14: Jute/epoxy | B14: =ROUND('LCA Criteria'!O33,2) -> 0.57 | C14: 1.3 | D14: 12 | E14: 335 | F14: 2.5 | G14: 13 | H14: 285 | I14: =30*10^-6 -> 3e-05 | J14: 3

Sheet LCA Criteria
A1: Alternative | B1: Single Score(mpoints) | C1: Acidification (mol H+-Eq) | D1: Climate change (kg CO2-Eq) | E1: Climate change: biogenic (kg CO2-Eq) | F1: Climate change: fossil (kg CO2-Eq) | G1: Climate change: land use and land use change (kg CO2-Eq) | H1: Ecotoxicity: freshwater (CTUe) | I1: Energy resources: non-renewable (MJ, net calorific value) | J1: Eutrophication: freshwater (kg P-Eq) | K1: Eutrophication: marine (kg N-Eq) | L1: Eutrophication: terrestrial (mol N-Eq) | M1: Human toxicity: carcinogenic (CTUh) | N1: Human toxicity: non-carcinogenic (CTUh) | O1: Ionising radiation: human health (kBq U235-Eq) | P1: Land use (dimensionless) | Q1: Material resources: metals/minerals (kg Sb-Eq) | R1: Ozone depletion (kg CFC-11-Eq) | S1: Particulate matter formation (disease incidence) | T1: Photochemical oxidant formation: human health (kg NMVOC-Eq) | U1: Water use (m3 world Eq deprived)
A2: Aluminium 1kg | C2: 0.12997026 | D2: 19.636295 | E2: 0.020510319 | F2: 19.559965 | G2: 0.055819949 | H2: 53.715198 | I2: 185.75991 | J2: 0.0058272202 | K2: 0.021128933 | L2: 0.2200101 | M2: 3.9856256e-08 | N2: 1.3863527e-07 | O2: 0.32865527 | P2: 30.517278 | Q2: 1.5797157e-05 | R2: 1.0372692e-07 | S2: 1.6334724e-06 | T2: 0.068474327 | U2: 4.7864387
A3: Flax/Epoxy | B3: 0.59156457 | C3: 0.018954804 | D3: 4.651546 | E3: 0.0055066752 | F3: 4.64144 | G3: 0.0045994028 | H3: 131.04868 | I3: 91.05046 | J3: 0.00117 | K3: 0.0381 | L3: 0.03855 | M3: 5.46004e-08 | N3: 4.7946e-08 | O3: 0.22894 | P3: 21.36012 | Q3: 4.38639e-05 | R3: 1.62732e-07 | S3: 2.0782e-07 | T3: 0.01852 | U3: 1.27503
A4: Hemp/Epoxy | B4: =O33 -> 0.56533715 | C4: 0.019239795 | D4: 4.6934657 | E4: 0.017119393 | F4: 4.6637926 | G4: 0.012553699 | H4: 161.77595 | I4: 91.311484 | J4: 0.0012933049 | K4: 0.0043638098 | L4: 0.040000981 | M4: 5.4666174e-08 | N4: 3.7645498e-08 | O4: 0.22896823 | P4: 30.611873 | Q4: 4.4024576e-05 | R4: 1.6273539e-07 | S4: 2.3337268e-07 | T4: 0.018744573 | U4: 2.1530622
A5: Carbon/Epoxy | B5: 4.9819 | C5: 0.25 | D5: 72.32 | H5: 841.9 | I5: 1051.02 | J5: 0.01 | K5: 0.06 | L5: 0.49 | M5: 1.62e-08 | N5: 3.36e-07 | O5: 3.61 | P5: 72.96 | Q5: 8.87e-05 | R5: 4.44e-06 | S5: 1.44e-06 | T5: 0.13 | U5: 12.23
A6: Glass/Epoxy | B6: 0.68826706 | C6: 0.02325 | D6: 4.37619 | E6: 0.00366 | F6: 4.3693 | G6: 0.00322 | H6: 103.39649 | I6: 71.67328 | J6: 0.00116 | K6: 0.00468 | L6: 0.04939 | M6: 3.58065e-08 | N6: 1.11471e-07 | O6: 0.28766 | P6: 12.62703 | Q6: 0.00021 | R6: 1.14085e-07 | S6: 2.1209e-07 | T6: 0.01894 | U6: 1.04844
A7: Aluminium template | B7: 1.5841711 | C7: 0.12997026 | D7: 19.636295 | E7: 0.020510319 | F7: 19.559965 | G7: 0.055819949 | H7: 53.715198 | I7: 185.75991 | J7: 0.0058272202 | K7: 0.021128933 | L7: 0.2200101 | M7: 3.9856256e-08 | N7: 1.3863527e-07 | O7: 0.32865527 | P7: 30.517278 | Q7: 1.5797157e-05 | R7: 1.0372692e-07 | S7: 1.6334724e-06 | T7: 0.068474327 | U7: 4.7864387
A8: Jute/Epoxy | B8: =N33 -> 0.55484767 | C8: 0.019359261 | D8: 4.678526 | E8: 0.010505244 | F8: 4.6446814 | G8: 0.02333938 | H8: 138.24778 | I8: 91.020188 | J8: 0.0012198603 | K8: 0.0041632103 | L8: 0.040836561 | M8: 5.4526932e-08 | N8: 3.7138912e-08 | O8: 0.22872396 | P8: 17.716616 | Q8: 4.3946282e-05 | R8: 1.6182487e-07 | S8: 2.2620847e-07 | T8: 0.018531802 | U8: 2.4853683
A9: Steel template | B9: =M33 -> 0.7662311 | C9: 0.029017352 | D9: 5.3190926 | E9: 0.0049170595 | F9: 5.3100746 | G9: 0.0041009296 | H9: 54.390427 | I9: 59.15589 | J9: 0.0017198526 | K9: 0.0052918678 | L9: 0.05630778 | M9: 1.389031e-07 | N9: 1.0855902e-07 | O9: 0.33889254 | P9: 26.499945 | Q9: 0.0001264079 | R9: 3.7965077e-08 | S9: 4.3470353e-07 | T9: 0.018003457 | U9: 1.6102484
A13: Impact categories | B13: Flax/Epoxy | C13: Carbon/Epoxy | D13: Glass/Epoxy | E13: Aluminium | F13: Steel template | G13: Jute/Epoxy | H13: Hemp/Epoxy | I13: ="Single Score " & B13 -> Single Score Flax/Epoxy | J13: ="Single Score " & C13 -> Single Score Carbon/Epoxy | K13: ="Single Score " & D13 -> Single Score Glass/Epoxy | L13: ="Single Score " & E13 -> Single Score Aluminium | M13: ="Single Score " & F13 -> Single Score Steel template | N13: ="Single Score " & G13 -> Single Score Jute/Epoxy | O13: ="Single Score " & H13 -> Single Score Hemp/Epoxy | P13: Normalisation factor per persona | Q13: Ponderation factor
A14: Acidification (mol H+-Eq) | B14: 0.018954804 | C14: 0.25 | D14: 0.02325 | E14: 0.12997026 | F14: 0.029017352 | G14: 0.019359261 | H14: 0.019239795 | I14: =((B14/$P14)*$Q14)*10^3 -> 0.021136652 | J14: =((C14/$P14)*$Q14)*10^3 -> 0.27877698 | K14: =((D14/$P14)*$Q14)*10^3 -> 0.025926259 | L14: =((E14/$P14)*$Q14)*10^3 -> 0.14493087 | M14: =((F14/$P14)*$Q14)*10^3 -> 0.032357479 | N14: =((G14/$P14)*$Q14)*10^3 -> 0.021587665 | O14: =((H14/$P14)*$Q14)*10^3 -> 0.021454447 | P14: 55.6 | Q14: 0.062
A15: Climate change (kg CO2-Eq) | B15: 4.651546 | C15: 72.32 | D15: 4.37619 | E15: 19.636295 | F15: 5.3190926 | G15: 4.678526 | H15: 4.6934657 | I15: =((B15/$P15)*$Q15)*10^3 -> 0.12975041 | J15: =((C15/$P15)*$Q15)*10^3 -> 2.017297 | K15: =((D15/$P15)*$Q15)*10^3 -> 0.12206962 | L15: =((E15/$P15)*$Q15)*10^3 -> 0.5477356 | M15: =((F15/$P15)*$Q15)*10^3 -> 0.14837098 | N15: =((G15/$P15)*$Q15)*10^3 -> 0.13050299 | O15: =((H15/$P15)*$Q15)*10^3 -> 0.13091972 | P15: 7550 | Q15: 0.2106
A16: Climate change: biogenic (kg CO2-Eq) | B16: 0.0055066752 | C16: 0 | D16: 0.00366 | E16: 0.020510319 | F16: 0.0049170595 | G16: 0.010505244 | H16: 0.017119393
A17: Climate change: fossil (kg CO2-Eq) | B17: 4.64144 | C17: 0 | D17: 4.3693 | E17: 19.559965 | F17: 5.3100746 | G17: 4.6446814 | H17: 4.6637926
A18: Climate change: land use and land use change (kg CO2-Eq) | B18: 0.0045994028 | C18: 0 | D18: 0.00322 | E18: 0.055819949 | F18: 0.0041009296 | G18: 0.02333938 | H18: 0.012553699
A19: Ecotoxicity: freshwater (CTUe) | B19: 131.04868 | C19: 841.9 | D19: 103.39649 | E19: 53.715198 | F19: 54.390427 | G19: 138.24778 | H19: 161.77595 | I19: =((B19/$P19)*$Q19)*10^3 -> 0.044376273 | J19: =((C19/$P19)*$Q19)*10^3 -> 0.28508783 | K19: =((D19/$P19)*$Q19)*10^3 -> 0.035012568 | L19: =((E19/$P19)*$Q19)*10^3 -> 0.018189273 | M19: =((F19/$P19)*$Q19)*10^3 -> 0.018417922 | N19: =((G19/$P19)*$Q19)*10^3 -> 0.046814063 | O19: =((H19/$P19)*$Q19)*10^3 -> 0.054781275 | P19: 56700 | Q19: 0.0192
A20: Energy resources: non-renewable (MJ, net calorific value) | B20: 91.05046 | C20: 1051.02 | D20: 71.67328 | E20: 185.75991 | F20: 59.15589 | G20: 91.020188 | H20: 91.311484 | I20: =((B20/$P20)*$Q20)*10^3 -> 0.11654459 | J20: =((C20/$P20)*$Q20)*10^3 -> 1.3453056 | K20: =((D20/$P20)*$Q20)*10^3 -> 0.091741798 | L20: =((E20/$P20)*$Q20)*10^3 -> 0.23777269 | M20: =((F20/$P20)*$Q20)*10^3 -> 0.075719539 | N20: =((G20/$P20)*$Q20)*10^3 -> 0.11650584 | O20: =((H20/$P20)*$Q20)*10^3 -> 0.1168787 | P20: 65000 | Q20: 0.0832
A21: Eutrophication: freshwater (kg P-Eq) | B21: 0.00117 | C21: 0.01 | D21: 0.00116 | E21: 0.0058272202 | F21: 0.0017198526 | G21: 0.0012198603 | H21: 0.0012933049 | I21: =((B21/$P21)*$Q21)*10^3 -> 0.020347826 | J21: =((C21/$P21)*$Q21)*10^3 -> 0.17391304 | K21: =((D21/$P21)*$Q21)*10^3 -> 0.020173913 | L21: =((E21/$P21)*$Q21)*10^3 -> 0.10134296 | M21: =((F21/$P21)*$Q21)*10^3 -> 0.02991048 | N21: =((G21/$P21)*$Q21)*10^3 -> 0.021214962 | O21: =((H21/$P21)*$Q21)*10^3 -> 0.02249226 | P21: 1.61 | Q21: 0.028
A22: Eutrophication: marine (kg N-Eq) | B22: 0.0381 | C22: 0.06 | D22: 0.00468 | E22: 0.021128933 | F22: 0.0052918678 | G22: 0.0041632103 | H22: 0.0043638098 | I22: =((B22/$P22)*$Q22)*10^3 -> 0.057833846 | J22: =((C22/$P22)*$Q22)*10^3 -> 0.091076923 | K22: =((D22/$P22)*$Q22)*10^3 -> 0.007104 | L22: =((E22/$P22)*$Q22)*10^3 -> 0.032072636 | M22: =((F22/$P22)*$Q22)*10^3 -> 0.008032784 | N22: =((G22/$P22)*$Q22)*10^3 -> 0.0063195397 | O22: =((H22/$P22)*$Q22)*10^3 -> 0.0066240395 | P22: 19.5 | Q22: 0.0296
A23: Eutrophication: terrestrial (mol N-Eq) | B23: 0.03855 | C23: 0.49 | D23: 0.04939 | E23: 0.2200101 | F23: 0.05630778 | G23: 0.040836561 | H23: 0.040000981 | I23: =((B23/$P23)*$Q23)*10^3 -> 0.0080802542 | J23: =((C23/$P23)*$Q23)*10^3 -> 0.10270621 | K23: =((D23/$P23)*$Q23)*10^3 -> 0.010352367 | L23: =((E23/$P23)*$Q23)*10^3 -> 0.046115112 | M23: =((F23/$P23)*$Q23)*10^3 -> 0.011802365 | N23: =((G23/$P23)*$Q23)*10^3 -> 0.0085595277 | O23: =((H23/$P23)*$Q23)*10^3 -> 0.0083843864 | P23: 177 | Q23: 0.0371
A24: Human toxicity: carcinogenic (CTUh) | B24: 5.46004e-08 | C24: 1.62e-08 | D24: 3.58065e-08 | E24: 3.9856256e-08 | F24: 1.389031e-07 | G24: 5.4526932e-08 | H24: 5.4666174e-08 | I24: =((B24/$P24)*$Q24)*10^3 -> 0.06722477 | J24: =((C24/$P24)*$Q24)*10^3 -> 0.019945665 | K24: =((D24/$P24)*$Q24)*10^3 -> 0.04408546 | L24: =((E24/$P24)*$Q24)*10^3 -> 0.049071575 | M24: =((F24/$P24)*$Q24)*10^3 -> 0.17101942 | N24: =((G24/$P24)*$Q24)*10^3 -> 0.067134316 | O24: =((H24/$P24)*$Q24)*10^3 -> 0.067305752 | P24: 1.73e-05 | Q24: 0.0213
A25: Human toxicity: non-carcinogenic (CTUh) | B25: 4.7946e-08 | C25: 3.36e-07 | D25: 1.11471e-07 | E25: 1.3863527e-07 | F25: 1.0855902e-07 | G25: 3.7138912e-08 | H25: 3.7645498e-08 | I25: =((B25/$P25)*$Q25)*10^3 -> 0.0068388093 | J25: =((C25/$P25)*$Q25)*10^3 -> 0.047925581 | K25: =((D25/$P25)*$Q25)*10^3 -> 0.01589974 | L25: =((E25/$P25)*$Q25)*10^3 -> 0.019774333 | M25: =((F25/$P25)*$Q25)*10^3 -> 0.015484387 | N25: =((G25/$P25)*$Q25)*10^3 -> 0.0052973331 | O25: =((H25/$P25)*$Q25)*10^3 -> 0.0053695905 | P25: 0.000129 | Q25: 0.0184
A26: Ionising radiation: human health (kBq U235-Eq) | B26: 0.22894 | C26: 3.61 | D26: 0.28766 | E26: 0.32865527 | F26: 0.33889254 | G26: 0.22872396 | H26: 0.22896823 | I26: =((B26/$P26)*$Q26)*10^3 -> 0.0027179844 | J26: =((C26/$P26)*$Q26)*10^3 -> 0.042858057 | K26: =((D26/$P26)*$Q26)*10^3 -> 0.0034151104 | L26: =((E26/$P26)*$Q26)*10^3 -> 0.0039018078 | M26: =((F26/$P26)*$Q26)*10^3 -> 0.0040233451 | N26: =((G26/$P26)*$Q26)*10^3 -> 0.0027154195 | O26: =((H26/$P26)*$Q26)*10^3 -> 0.0027183195 | P26: 4220 | Q26: 0.0501
A27: Land use (dimensionless) | B27: 21.36012 | C27: 72.96 | D27: 12.62703 | E27: 30.517278 | F27: 26.499945 | G27: 17.716616 | H27: 30.611873 | I27: =((B27/$P27)*$Q27)*10^3 -> 0.0020708102 | J27: =((C27/$P27)*$Q27)*10^3 -> 0.0070732894 | K27: =((D27/$P27)*$Q27)*10^3 -> 0.001224159 | L27: =((E27/$P27)*$Q27)*10^3 -> 0.0029585737 | M27: =((F27/$P27)*$Q27)*10^3 -> 0.0025691033 | N27: =((G27/$P27)*$Q27)*10^3 -> 0.0017175816 | O27: =((H27/$P27)*$Q27)*10^3 -> 0.0029677445 | P27: 819000 | Q27: 0.0794
A28: Material resources: metals/minerals (kg Sb-Eq) | B28: 4.38639e-05 | C28: 8.87e-05 | D28: 0.00021 | E28: 1.5797157e-05 | F28: 0.0001264079 | G28: 4.3946282e-05 | H28: 4.4024576e-05 | I28: =((B28/$P28)*$Q28)*10^3 -> 0.052071139 | J28: =((C28/$P28)*$Q28)*10^3 -> 0.10529638 | K28: =((D28/$P28)*$Q28)*10^3 -> 0.24929245 | L28: =((E28/$P28)*$Q28)*10^3 -> 0.018752915 | M28: =((F28/$P28)*$Q28)*10^3 -> 0.1500597 | N28: =((G28/$P28)*$Q28)*10^3 -> 0.052168935 | O28: =((H28/$P28)*$Q28)*10^3 -> 0.052261878 | P28: 0.0636 | Q28: 0.0755
A29: Ozone depletion (kg CFC-11-Eq) | B29: 1.62732e-07 | C29: 4.44e-06 | D29: 1.14085e-07 | E29: 1.0372692e-07 | F29: 3.7965077e-08 | G29: 1.6182487e-07 | H29: 1.6273539e-07 | I29: =((B29/$P29)*$Q29)*10^3 -> 0.00019633631 | J29: =((C29/$P29)*$Q29)*10^3 -> 0.0053568642 | K29: =((D29/$P29)*$Q29)*10^3 -> 0.00013764366 | L29: =((E29/$P29)*$Q29)*10^3 -> 0.00012514663 | M29: =((F29/$P29)*$Q29)*10^3 -> 4.5804902e-05 | N29: =((G29/$P29)*$Q29)*10^3 -> 0.00019524186 | O29: =((H29/$P29)*$Q29)*10^3 -> 0.0001963404 | P29: 0.0523 | Q29: 0.0631
A30: Particulate matter formation (disease incidence) | B30: 2.0782e-07 | C30: 1.44e-06 | D30: 2.1209e-07 | E30: 1.6334724e-06 | F30: 4.3470353e-07 | G30: 2.2620847e-07 | H30: 2.3337268e-07 | I30: =((B30/$P30)*$Q30)*10^3 -> 0.031295247 | J30: =((C30/$P30)*$Q30)*10^3 -> 0.21684706 | K30: =((D30/$P30)*$Q30)*10^3 -> 0.031938259 | L30: =((E30/$P30)*$Q30)*10^3 -> 0.24598172 | M30: =((F30/$P30)*$Q30)*10^3 -> 0.065461237 | N30: =((G30/$P30)*$Q30)*10^3 -> 0.034064334 | O30: =((H30/$P30)*$Q30)*10^3 -> 0.03514318 | P30: 0.000595 | Q30: 0.0896
... A32: Water use (m3 world Eq deprived) | B32: 1.27503 | C32: 12.23 | D32: 1.04844 | E32: 4.7864387 | F32: 1.6102484 | G32: 2.4853683 | H32: 2.1530622 | I32: =((B32/$P32)*$Q32)*10^3 -> 0.009435222 | J32: =((C32/$P32)*$Q32)*10^3 -> 0.090502 | K32: =((D32/$P32)*$Q32)*10^3 -> 0.007758456 | L32: =((E32/$P32)*$Q32)*10^3 -> 0.035419646 | M32: =((F32/$P32)*$Q32)*10^3 -> 0.011915838 | N32: =((G32/$P32)*$Q32)*10^3 -> 0.018391725 | O32: =((H32/$P32)*$Q32)*10^3 -> 0.01593266 | P32: 11500 | Q32: 0.0851
A33: Single score | I33: =SUM(I14:I32) -> 0.59156457 | J33: =SUM(J14:J32) -> 4.9819 | K33: =SUM(K14:K32) -> 0.68826706 | L33: =SUM(L14:L32) -> 1.5841711 | M33: =SUM(M14:M32) -> 0.7662311 | N33: =SUM(N14:N32) -> 0.55484767 | O33: =SUM(O14:O32) -> 0.56533715

Sheet TOPSIS
A1: Calcul TOPSIS
A2: Sens | B2: =DATA!B3 -> cout | C2: =DATA!C3 -> cout | D2: =DATA!D3 -> benefice | E2: =DATA!E3 -> benefice | F2: =DATA!F3 -> benefice | G2: =DATA!G3 -> benefice | H2: =DATA!H3 -> benefice | I2: =DATA!I3 -> cout | J2: =DATA!J3 -> cout | AA2: Virer elongation des critères ou mettre en contrainte plutôt et checker les besoins, limites pour uen pièce.
A3: Alternative | B3: EF Single score | C3: Density (g/cm³) | D3: Tensile Modulus (GPa) | E3: Tensile Strength (MPa) | F3: Elongation at break (%) | G3: Flexural modulus (GPa) | H3: Flexural strength (MPa) | I3: CTE (µm/m·°C) | J3: Raw material cost (€/kg)
A4: Poids | B4: =DATA!B7 -> 0.10360018 | C4: =DATA!C7 -> 0.10681275 | D4: =DATA!D7 -> 0.079132717 | E4: =DATA!E7 -> 0.097058973 | F4: =DATA!F7 -> 0.10913698 | G4: =DATA!G7 -> 0.077157486 | H4: =DATA!H7 -> 0.087306732 | I4: =DATA!I7 -> 0.22601941 | J4: =DATA!J7 -> 0.11377476 | K4: =SUM(B4:J4) -> 1 | L4: Normalisation R | U4: Pondération V
L5: R: EF | M5: R: Density | N5: R: E | O5: R: σt | P5: R: εt | Q5: R: Eflex | R5: R: σflex | S5: R: CTE | T5: R: Cost | U5: V: EF | V5: V: Density | W5: V: E | X5: V: σt | Y5: V: εt | Z5: V: Eflex | AA5: V: σflex | AB5: V: CTE | AC5: V: Cost | AD5: S+ (distance à A+) | AE5: S- (distance à A-) | AF5: Score C = S-/(S++S-) | AH5: Classement automatique | AI5: Score C | AJ5: Rang
A6: =IF(DATA!A8="","",DATA!A8) -> Flax/Epoxy | B6: =IF(DATA!B8="","",DATA!B8) -> 0.59 | C6: =IF(DATA!C8="","",DATA!C8) -> 1.35 | D6: =IF(DATA!D8="","",DATA!D8) -> 35 | E6: =IF(DATA!E8="","",DATA!E8) -> 610 | F6: =IF(DATA!F8="","",DATA!F8) -> 1.8 | G6: =IF(DATA!G8="","",DATA!G8) -> 39 | H6: =IF(DATA!H8="","",DATA!H8) -> 520 | ... J6: =IF(DATA!J8="","",DATA!J8) -> 3.8 | L6: =IF(B6="","",B6/SQRT(SUMSQ(B$6:B$105))) -> 0.10892118 | M6: =IF(C6="","",C6/SQRT(SUMSQ(C$6:C$105))) -> 0.15076037 | N6: =IF(D6="","",D6/SQRT(SUMSQ(D$6:D$105))) -> 0.13938472 | O6: =IF(E6="","",E6/SQRT(SUMSQ(E$6:E$105))) -> 0.22795849 | P6: =IF(F6="","",F6/SQRT(SUMSQ(F$6:F$105))) -> 0.044610487 | Q6: =IF(G6="","",G6/SQRT(SUMSQ(G$6:G$105))) -> 0.15020122 | R6: =IF(H6="","",H6/SQRT(SUMSQ(H$6:H$105))) -> 0.21957744 | S6: =IF(I6="","",I6/SQRT(SUMSQ(I$6:I$105))) -> 0.31714563 | T6: =IF(J6="","",J6/SQRT(SUMSQ(J$6:J$105))) -> 0.16033755 | U6: =IF(L6="","",L6*$B$4) -> 0.011284254 | V6: =IF(M6="","",M6*$C$4) -> 0.016103129 | W6: =IF(N6="","",N6*$D$4) -> 0.011029892 | X6: =IF(O6="","",O6*$E$4) -> 0.022125417 | Y6: =IF(P6="","",P6*$F$4) -> 0.004868654 | Z6: =IF(Q6="","",Q6*$G$4) -> 0.011589148 | AA6: =IF(R6="","",R6*$H$4) -> 0.019170589 | AB6: =IF(S6="","",S6*$I$4) -> 0.071681069 | AC6: =IF(T6="","",T6*$J$4) -> 0.018242367 | AD6: {=IF(SUM(U6:AC6)=0,"",SQRT(SUMPRODUCT((U6:AC6-U$113:AC$113)*(U6:AC6-U$113:AC$113))))} -> 0.17794024 | AE6: {=IF(SUM(U6:AC6)=0,"",SQRT(SUMPRODUCT((U6:AC6-U$114:AC$114)*(U6:AC6-U$114:AC$114))))} -> 0.1514138 | AF6: =IF(OR(AD6="",AE6=""),"",AE6/(AD6+AE6)) -> 0.45972959 | AH6: {=IFERROR(_xlfn.SORTBY(_xlfn._xlws.FILTER(A6:A105,A6:A105<>""), _xlfn._xlws.FILTER(AF6:AF105,A6:A105<>""), -1), "")} -> Hemp/Epoxy | AI6: {=IFERROR(_xlfn._xlws.SORT(_xlfn._xlws.FILTER(AF6:AF105,A6:A105<>""), 1, -1), "")} -> 0.73113089 | AJ6: {=IF(AH6="","",_xlfn.SEQUENCE(COUNTA(_xlfn._xlws.FILTER(A6:A105,A6:A105<>""))))} -> 1
A7: =IF(DATA!A9="","",DATA!A9) -> Carbon/Epoxy | B7: =IF(DATA!B9="","",DATA!B9) -> 4.98 | C7: =IF(DATA!C9="","",DATA!C9) -> 1.42 | D7: =IF(DATA!D9="","",DATA!D9) -> 120 | E7: =IF(DATA!E9="","",DATA!E9) -> 2135 | F7: =IF(DATA!F9="","",DATA!F9) -> 1.15 | G7: =IF(DATA!G9="","",DATA!G9) -> 134 | H7: =IF(DATA!H9="","",DATA!H9) -> 1815 | ... J7: =IF(DATA!J9="","",DATA!J9) -> 20 | L7: =IF(B7="","",B7/SQRT(SUMSQ(B$6:B$105))) -> 0.9193686 | M7: =IF(C7="","",C7/SQRT(SUMSQ(C$6:C$105))) -> 0.15857758 | N7: =IF(D7="","",D7/SQRT(SUMSQ(D$6:D$105))) -> 0.47789047 | O7: =IF(E7="","",E7/SQRT(SUMSQ(E$6:E$105))) -> 0.7978547 | P7: =IF(F7="","",F7/SQRT(SUMSQ(F$6:F$105))) -> 0.028501145 | Q7: =IF(G7="","",G7/SQRT(SUMSQ(G$6:G$105))) -> 0.51607598 | R7: =IF(H7="","",H7/SQRT(SUMSQ(H$6:H$105))) -> 0.76640973 | S7: =IF(I7="","",I7/SQRT(SUMSQ(I$6:I$105))) -> 0.047254699 | T7: =IF(J7="","",J7/SQRT(SUMSQ(J$6:J$105))) -> 0.84388186 | U7: =IF(L7="","",L7*$B$4) -> 0.095246757 | V7: =IF(M7="","",M7*$C$4) -> 0.016938106 | W7: =IF(N7="","",N7*$D$4) -> 0.037816771 | X7: =IF(O7="","",O7*$E$4) -> 0.077438958 | Y7: =IF(P7="","",P7*$F$4) -> 0.0031105289 | Z7: =IF(Q7="","",Q7*$G$4) -> 0.039819125 | AA7: =IF(R7="","",R7*$H$4) -> 0.066912729 | AB7: =IF(S7="","",S7*$I$4) -> 0.010680479 | AC7: =IF(T7="","",T7*$J$4) -> 0.09601246 | AD7: {=IF(SUM(U7:AC7)=0,"",SQRT(SUMPRODUCT((U7:AC7-U$113:AC$113)*(U7:AC7-U$113:AC$113))))} -> 0.17399991 | AE7: {=IF(SUM(U7:AC7)=0,"",SQRT(SUMPRODUCT((U7:AC7-U$114:AC$114)*(U7:AC7-U$114:AC$114))))} -> 0.1711111 | AF7: =IF(OR(AD7="",AE7=""),"",AE7/(AD7+AE7)) -> 0.49581467 | AH7: Jute/epoxy | AI7: 0.72047065 | AJ7: 2
A8: =IF(DATA!A10="","",DATA!A10) -> Glass/Epoxy | B8: =IF(DATA!B10="","",DATA!B10) -> 0.69 | C8: =IF(DATA!C10="","",DATA!C10) -> 1.8 | D8: =IF(DATA!D10="","",DATA!D10) -> 40 | E8: =IF(DATA!E10="","",DATA!E10) -> 1135 | F8: =IF(DATA!F10="","",DATA!F10) -> 1.3 | G8: =IF(DATA!G10="","",DATA!G10) -> 43 | H8: =IF(DATA!H10="","",DATA!H10) -> 965 | ... J8: =IF(DATA!J10="","",DATA!J10) -> 4 | L8: =IF(B8="","",B8/SQRT(SUMSQ(B$6:B$105))) -> 0.1273824 | M8: =IF(C8="","",C8/SQRT(SUMSQ(C$6:C$105))) -> 0.20101383 | N8: =IF(D8="","",D8/SQRT(SUMSQ(D$6:D$105))) -> 0.15929682 | O8: =IF(E8="","",E8/SQRT(SUMSQ(E$6:E$105))) -> 0.42415227 | P8: =IF(F8="","",F8/SQRT(SUMSQ(F$6:F$105))) -> 0.032218685 | Q8: =IF(G8="","",G8/SQRT(SUMSQ(G$6:G$105))) -> 0.16560647 | R8: =IF(H8="","",H8/SQRT(SUMSQ(H$6:H$105))) -> 0.40748506 | S8: =IF(I8="","",I8/SQRT(SUMSQ(I$6:I$105))) -> 0.55500485 | T8: =IF(J8="","",J8/SQRT(SUMSQ(J$6:J$105))) -> 0.16877637 | U8: =IF(L8="","",L8*$B$4) -> 0.01319684 | V8: =IF(M8="","",M8*$C$4) -> 0.021470839 | W8: =IF(N8="","",N8*$D$4) -> 0.01260559 | X8: =IF(O8="","",O8*$E$4) -> 0.041167783 | Y8: =IF(P8="","",P8*$F$4) -> 0.0035162501 | Z8: =IF(Q8="","",Q8*$G$4) -> 0.012777779 | AA8: =IF(R8="","",R8*$H$4) -> 0.035576189 | AB8: =IF(S8="","",S8*$I$4) -> 0.12544187 | AC8: =IF(T8="","",T8*$J$4) -> 0.019202492 | AD8: {=IF(SUM(U8:AC8)=0,"",SQRT(SUMPRODUCT((U8:AC8-U$113:AC$113)*(U8:AC8-U$113:AC$113))))} -> 0.19490225 | AE8: {=IF(SUM(U8:AC8)=0,"",SQRT(SUMPRODUCT((U8:AC8-U$114:AC$114)*(U8:AC8-U$114:AC$114))))} -> 0.14144639 | AF8: =IF(OR(AD8="",AE8=""),"",AE8/(AD8+AE8)) -> 0.42053504 | AH8: Chromium steel template | AI8: 0.52144013 | AJ8: 3
A9: =IF(DATA!A11="","",DATA!A11) -> Aluminium template | B9: =IF(DATA!B11="","",DATA!B11) -> 1.58 | C9: =IF(DATA!C11="","",DATA!C11) -> 2.7 | D9: =IF(DATA!D11="","",DATA!D11) -> 70 | E9: =IF(DATA!E11="","",DATA!E11) -> 330 | F9: =IF(DATA!F11="","",DATA!F11) -> 3.4 | G9: =IF(DATA!G11="","",DATA!G11) -> 70 | H9: =IF(DATA!H11="","",DATA!H11) -> 325 | ... J9: =IF(DATA!J11="","",DATA!J11) -> 10 | L9: =IF(B9="","",B9/SQRT(SUMSQ(B$6:B$105))) -> 0.29168723 | M9: =IF(C9="","",C9/SQRT(SUMSQ(C$6:C$105))) -> 0.30152074 | N9: =IF(D9="","",D9/SQRT(SUMSQ(D$6:D$105))) -> 0.27876944 | O9: =IF(E9="","",E9/SQRT(SUMSQ(E$6:E$105))) -> 0.1233218 | P9: =IF(F9="","",F9/SQRT(SUMSQ(F$6:F$105))) -> 0.084264254 | Q9: =IF(G9="","",G9/SQRT(SUMSQ(G$6:G$105))) -> 0.26959193 | R9: =IF(H9="","",H9/SQRT(SUMSQ(H$6:H$105))) -> 0.1372359 | S9: =IF(I9="","",I9/SQRT(SUMSQ(I$6:I$105))) -> 0.36471747 | T9: =IF(J9="","",J9/SQRT(SUMSQ(J$6:J$105))) -> 0.42194093 | U9: =IF(L9="","",L9*$B$4) -> 0.030218851 | V9: =IF(M9="","",M9*$C$4) -> 0.032206259 | W9: =IF(N9="","",N9*$D$4) -> 0.022059783 | X9: =IF(O9="","",O9*$E$4) -> 0.011969488 | Y9: =IF(P9="","",P9*$F$4) -> 0.0091963464 | Z9: =IF(Q9="","",Q9*$G$4) -> 0.020801036 | AA9: =IF(R9="","",R9*$H$4) -> 0.011981618 | AB9: =IF(S9="","",S9*$I$4) -> 0.08243323 | AC9: =IF(T9="","",T9*$J$4) -> 0.04800623 | AD9: {=IF(SUM(U9:AC9)=0,"",SQRT(SUMPRODUCT((U9:AC9-U$113:AC$113)*(U9:AC9-U$113:AC$113))))} -> 0.18217786 | AE9: {=IF(SUM(U9:AC9)=0,"",SQRT(SUMPRODUCT((U9:AC9-U$114:AC$114)*(U9:AC9-U$114:AC$114))))} -> 0.11517282 | AF9: =IF(OR(AD9="",AE9=""),"",AE9/(AD9+AE9)) -> 0.38732994 | AH9: Carbon/Epoxy | AI9: 0.49581467 | AJ9: 4
A10: =IF(DATA!A12="","",DATA!A12) -> Chromium steel template | B10: =IF(DATA!B12="","",DATA!B12) -> 0.77 | C10: =IF(DATA!C12="","",DATA!C12) -> 7.9 | D10: =IF(DATA!D12="","",DATA!D12) -> 200 | E10: =IF(DATA!E12="","",DATA!E12) -> 750 | F10: =IF(DATA!F12="","",DATA!F12) -> 40 | G10: =IF(DATA!G12="","",DATA!G12) -> 200 | H10: =IF(DATA!H12="","",DATA!H12) -> 900 | ... J10: =IF(DATA!J12="","",DATA!J12) -> 2.5 | L10: =IF(B10="","",B10/SQRT(SUMSQ(B$6:B$105))) -> 0.14215137 | M10: =IF(C10="","",C10/SQRT(SUMSQ(C$6:C$105))) -> 0.88222736 | N10: =IF(D10="","",D10/SQRT(SUMSQ(D$6:D$105))) -> 0.79648411 | O10: =IF(E10="","",E10/SQRT(SUMSQ(E$6:E$105))) -> 0.28027683 | P10: =IF(F10="","",F10/SQRT(SUMSQ(F$6:F$105))) -> 0.99134417 | Q10: =IF(G10="","",G10/SQRT(SUMSQ(G$6:G$105))) -> 0.77026266 | R10: =IF(H10="","",H10/SQRT(SUMSQ(H$6:H$105))) -> 0.38003788 | S10: =IF(I10="","",I10/SQRT(SUMSQ(I$6:I$105))) -> 0.26957378 | T10: =IF(J10="","",J10/SQRT(SUMSQ(J$6:J$105))) -> 0.10548523 | U10: =IF(L10="","",L10*DATA!B4) -> 0.015794439 | V10: =IF(M10="","",M10*DATA!C4) -> 0.098024282 | W10: =IF(N10="","",N10*DATA!D4) -> 0.08849735 | X10: =IF(O10="","",O10*DATA!E4) -> 0.031141558 | Y10: =IF(P10="","",P10*DATA!F4) -> 0.11014825 | Z10: =IF(Q10="","",Q10*DATA!G4) -> 0.085583884 | AA10: =IF(R10="","",R10*DATA!H4) -> 0.042226009 | AB10: =IF(S10="","",S10*DATA!I4) -> 0.029952343 | AC10: =IF(T10="","",T10*DATA!J4) -> 0.011720464 | AD10: =IF(U10="","",SQRT(SUMPRODUCT((U10:AC10-U116:AC116)^2))) -> 0.20232298 | AE10: {=IF(U10="","",SQRT(SUMPRODUCT((U10:AC10-U114:AC114)^2)))} -> 0.22045167 | AF10: =IF(OR(AD10="",AE10=""),"",AE10/(AD10+AE10)) -> 0.52144013 | AH10: Flax/Epoxy | AI10: 0.45972959 | AJ10: 5
A11: =IF(DATA!A13="","",DATA!A13) -> Hemp/Epoxy | B11: =IF(DATA!B13="","",DATA!B13) -> 0.55 | C11: =IF(DATA!C13="","",DATA!C13) -> 1.31 | D11: =IF(DATA!D13="","",DATA!D13) -> 28 | E11: =IF(DATA!E13="","",DATA!E13) -> 398 | F11: =IF(DATA!F13="","",DATA!F13) -> 2 | G11: =IF(DATA!G13="","",DATA!G13) -> 32 | H11: =IF(DATA!H13="","",DATA!H13) -> 340 | ... J11: =IF(DATA!J13="","",DATA!J13) -> 4 | L11: =IF(B11="","",B11/SQRT(SUMSQ(B$6:B$105))) -> 0.10153669 | M11: =IF(C11="","",C11/SQRT(SUMSQ(C$6:C$105))) -> 0.1462934 | N11: =IF(D11="","",D11/SQRT(SUMSQ(D$6:D$105))) -> 0.11150778 | O11: =IF(E11="","",E11/SQRT(SUMSQ(E$6:E$105))) -> 0.14873357 | P11: =IF(F11="","",F11/SQRT(SUMSQ(F$6:F$105))) -> 0.049567208 | Q11: =IF(G11="","",G11/SQRT(SUMSQ(G$6:G$105))) -> 0.12324202 | R11: =IF(H11="","",H11/SQRT(SUMSQ(H$6:H$105))) -> 0.14356987 | S11: =IF(I11="","",I11/SQRT(SUMSQ(I$6:I$105))) -> 0.39643204 | T11: =IF(J11="","",J11/SQRT(SUMSQ(J$6:J$105))) -> 0.16877637 | U11: =IF(L11="","",L11*DATA!B4) -> 0.011281742 | V11: =IF(M11="","",M11*DATA!C4) -> 0.01625466 | W11: =IF(N11="","",N11*DATA!D4) -> 0.012389629 | X11: =IF(O11="","",O11*DATA!E4) -> 0.016525787 | Y11: =IF(P11="","",P11*DATA!F4) -> 0.0055074125 | Z11: =IF(Q11="","",Q11*DATA!G4) -> 0.013693421 | AA11: =IF(R11="","",R11*DATA!H4) -> 0.015952048 | AB11: =IF(S11="","",S11*DATA!I4) -> 0.044047564 | AC11: =IF(T11="","",T11*DATA!J4) -> 0.018752743 | AD11: =IF(U11="","",SQRT(SUMPRODUCT((U11:AC11-U117:AC117)^2))) -> 0.059851973 | AE11: =IF(U11="","",SQRT(SUMPRODUCT((U11:AC11-U114:AC114)^2))) -> 0.16275438 | AF11: =IF(OR(AD11="",AE11=""),"",AE11/(AD11+AE11)) -> 0.73113089 | AH11: Glass/Epoxy | AI11: 0.42053504 | AJ11: 6
A12: =IF(DATA!A14="","",DATA!A14) -> Jute/epoxy | B12: =IF(DATA!B14="","",DATA!B14) -> 0.57 | C12: =IF(DATA!C14="","",DATA!C14) -> 1.3 | D12: =IF(DATA!D14="","",DATA!D14) -> 12 | E12: =IF(DATA!E14="","",DATA!E14) -> 335 | F12: =IF(DATA!F14="","",DATA!F14) -> 2.5 | G12: =IF(DATA!G14="","",DATA!G14) -> 13 | H12: =IF(DATA!H14="","",DATA!H14) -> 285 | ... J12: =IF(DATA!J14="","",DATA!J14) -> 3 | L12: =IF(B12="","",B12/SQRT(SUMSQ(B$6:B$105))) -> 0.10522894 | M12: =IF(C12="","",C12/SQRT(SUMSQ(C$6:C$105))) -> 0.14517665 | N12: =IF(D12="","",D12/SQRT(SUMSQ(D$6:D$105))) -> 0.047789047 | O12: =IF(E12="","",E12/SQRT(SUMSQ(E$6:E$105))) -> 0.12519032 | P12: =IF(F12="","",F12/SQRT(SUMSQ(F$6:F$105))) -> 0.06195901 | Q12: =IF(G12="","",G12/SQRT(SUMSQ(G$6:G$105))) -> 0.050067073 | R12: =IF(H12="","",H12/SQRT(SUMSQ(H$6:H$105))) -> 0.12034533 | S12: =IF(I12="","",I12/SQRT(SUMSQ(I$6:I$105))) -> 0.47571844 | T12: =IF(J12="","",J12/SQRT(SUMSQ(J$6:J$105))) -> 0.12658228 | U12: =IF(L12="","",L12*DATA!B4) -> 0.011691987 | V12: =IF(M12="","",M12*DATA!C4) -> 0.016130578 | W12: =IF(N12="","",N12*DATA!D4) -> 0.005309841 | X12: =IF(O12="","",O12*DATA!E4) -> 0.013909896 | Y12: =IF(P12="","",P12*DATA!F4) -> 0.0068842656 | Z12: =IF(Q12="","",Q12*DATA!G4) -> 0.0055629524 | AA12: =IF(R12="","",R12*DATA!H4) -> 0.01337157 | AB12: =IF(S12="","",S12*DATA!I4) -> 0.052857076 | AC12: =IF(T12="","",T12*DATA!J4) -> 0.014064557 | AD12: =IF(U12="","",SQRT(SUMPRODUCT((U12:AC12-U118:AC118)^2))) -> 0.062188411 | AE12: =IF(U12="","",SQRT(SUMPRODUCT((U12:AC12-U114:AC114)^2))) -> 0.16028702 | AF12: =IF(OR(AD12="",AE12=""),"",AE12/(AD12+AE12)) -> 0.72047065 | AH12: Aluminium template | AI12: 0.38732994 | AJ12: 7
A13: =IF(DATA!A15="","",DATA!A15) | B13: =IF(DATA!B15="","",DATA!B15) | C13: =IF(DATA!C15="","",DATA!C15) | D13: =IF(DATA!D15="","",DATA!D15) | E13: =IF(DATA!E15="","",DATA!E15) | F13: =IF(DATA!F15="","",DATA!F15) | G13: =IF(DATA!G15="","",DATA!G15) | H13: =IF(DATA!H15="","",DATA!H15) | ... J13: =IF(DATA!J15="","",DATA!J15) | L13: =IF(B13="","",B13/SQRT(SUMSQ(B$6:B$105))) | M13: =IF(C13="","",C13/SQRT(SUMSQ(C$6:C$105))) | N13: =IF(D13="","",D13/SQRT(SUMSQ(D$6:D$105))) | O13: =IF(E13="","",E13/SQRT(SUMSQ(E$6:E$105))) | P13: =IF(F13="","",F13/SQRT(SUMSQ(F$6:F$105))) | Q13: =IF(G13="","",G13/SQRT(SUMSQ(G$6:G$105))) | R13: =IF(H13="","",H13/SQRT(SUMSQ(H$6:H$105))) | S13: =IF(I13="","",I13/SQRT(SUMSQ(I$6:I$105))) | T13: =IF(J13="","",J13/SQRT(SUMSQ(J$6:J$105))) | U13: =IF(L13="","",L13*DATA!B4) | V13: =IF(M13="","",M13*DATA!C4) | W13: =IF(N13="","",N13*DATA!D4) | X13: =IF(O13="","",O13*DATA!E4) | Y13: =IF(P13="","",P13*DATA!F4) | Z13: =IF(Q13="","",Q13*DATA!G4) | AA13: =IF(R13="","",R13*DATA!H4) | AB13: =IF(S13="","",S13*DATA!I4) | AC13: =IF(T13="","",T13*DATA!J4) | AD13: =IF(U13="","",SQRT(SUMPRODUCT((U13:AC13-U119:AC119)^2))) | AE13: =IF(U13="","",SQRT(SUMPRODUCT((U13:AC13-U114:AC114)^2))) | AF13: =IF(OR(AD13="",AE13=""),"",AE13/(AD13+AE13))
A14: =IF(DATA!A16="","",DATA!A16) | B14: =IF(DATA!B16="","",DATA!B16) | C14: =IF(DATA!C16="","",DATA!C16) | D14: =IF(DATA!D16="","",DATA!D16) | E14: =IF(DATA!E16="","",DATA!E16) | F14: =IF(DATA!F16="","",DATA!F16) | G14: =IF(DATA!G16="","",DATA!G16) | H14: =IF(DATA!H16="","",DATA!H16) | ... J14: =IF(DATA!J16="","",DATA!J16) | L14: =IF(B14="","",B14/SQRT(SUMSQ(B$6:B$105))) | M14: =IF(C14="","",C14/SQRT(SUMSQ(C$6:C$105))) | N14: =IF(D14="","",D14/SQRT(SUMSQ(D$6:D$105))) | O14: =IF(E14="","",E14/SQRT(SUMSQ(E$6:E$105))) | P14: =IF(F14="","",F14/SQRT(SUMSQ(F$6:F$105))) | Q14: =IF(G14="","",G14/SQRT(SUMSQ(G$6:G$105))) | R14: =IF(H14="","",H14/SQRT(SUMSQ(H$6:H$105))) | S14: =IF(I14="","",I14/SQRT(SUMSQ(I$6:I$105))) | T14: =IF(J14="","",J14/SQRT(SUMSQ(J$6:J$105))) | U14: =IF(L14="","",L14*DATA!B4) | V14: =IF(M14="","",M14*DATA!C4) | W14: =IF(N14="","",N14*DATA!D4) | X14: =IF(O14="","",O14*DATA!E4) | Y14: =IF(P14="","",P14*DATA!F4) | Z14: =IF(Q14="","",Q14*DATA!G4) | AA14: =IF(R14="","",R14*DATA!H4) | AB14: =IF(S14="","",S14*DATA!I4) | AC14: =IF(T14="","",T14*DATA!J4) | AD14: =IF(U14="","",SQRT(SUMPRODUCT((U14:AC14-U120:AC120)^2))) | AE14: =IF(U14="","",SQRT(SUMPRODUCT((U14:AC14-U114:AC114)^2))) | AF14: =IF(OR(AD14="",AE14=""),"",AE14/(AD14+AE14))
A15: =IF(DATA!A17="","",DATA!A17) | B15: =IF(DATA!B17="","",DATA!B17) | C15: =IF(DATA!C17="","",DATA!C17) | D15: =IF(DATA!D17="","",DATA!D17) | E15: =IF(DATA!E17="","",DATA!E17) | F15: =IF(DATA!F17="","",DATA!F17) | G15: =IF(DATA!G17="","",DATA!G17) | H15: =IF(DATA!H17="","",DATA!H17) | ... J15: =IF(DATA!J17="","",DATA!J17) | L15: =IF(B15="","",B15/SQRT(SUMSQ(B$6:B$105))) | M15: =IF(C15="","",C15/SQRT(SUMSQ(C$6:C$105))) | N15: =IF(D15="","",D15/SQRT(SUMSQ(D$6:D$105))) | O15: =IF(E15="","",E15/SQRT(SUMSQ(E$6:E$105))) | P15: =IF(F15="","",F15/SQRT(SUMSQ(F$6:F$105))) | Q15: =IF(G15="","",G15/SQRT(SUMSQ(G$6:G$105))) | R15: =IF(H15="","",H15/SQRT(SUMSQ(H$6:H$105))) | S15: =IF(I15="","",I15/SQRT(SUMSQ(I$6:I$105))) | T15: =IF(J15="","",J15/SQRT(SUMSQ(J$6:J$105))) | U15: =IF(L15="","",L15*DATA!B6) | V15: =IF(M15="","",M15*DATA!C4) | W15: =IF(N15="","",N15*DATA!D4) | X15: =IF(O15="","",O15*DATA!E4) | Y15: =IF(P15="","",P15*DATA!F4) | Z15: =IF(Q15="","",Q15*DATA!G4) | AA15: =IF(R15="","",R15*DATA!H4) | AB15: =IF(S15="","",S15*DATA!I4) | AC15: =IF(T15="","",T15*DATA!J4) | AD15: =IF(U15="","",SQRT(SUMPRODUCT((U15:AC15-U121:AC121)^2))) | AE15: =IF(U15="","",SQRT(SUMPRODUCT((U15:AC15-U114:AC114)^2))) | AF15: =IF(OR(AD15="",AE15=""),"",AE15/(AD15+AE15))
A16: =IF(DATA!A18="","",DATA!A18) | B16: =IF(DATA!B18="","",DATA!B18) | H16: =IF(DATA!H18="","",DATA!H18) | I16: =IF(DATA!I18="","",DATA!I18) | J16: =IF(DATA!J18="","",DATA!J18) | L16: =IF(B16="","",B16/SQRT(SUMSQ(B$6:B$105))) | M16: =IF(C16="","",C16/SQRT(SUMSQ(C$6:C$105))) | N16: =IF(D16="","",D16/SQRT(SUMSQ(D$6:D$105))) | O16: =IF(E16="","",E16/SQRT(SUMSQ(E$6:E$105))) | P16: =IF(F16="","",F16/SQRT(SUMSQ(F$6:F$105))) | Q16: =IF(G16="","",G16/SQRT(SUMSQ(G$6:G$105))) | R16: =IF(H16="","",H16/SQRT(SUMSQ(H$6:H$105))) | S16: =IF(I16="","",I16/SQRT(SUMSQ(I$6:I$105))) | T16: =IF(J16="","",J16/SQRT(SUMSQ(J$6:J$105))) | U16: =IF(L16="","",L16*DATA!B8) | V16: =IF(M16="","",M16*DATA!C4) | W16: =IF(N16="","",N16*DATA!D4) | X16: =IF(O16="","",O16*DATA!E4) | Y16: =IF(P16="","",P16*DATA!F4) | Z16: =IF(Q16="","",Q16*DATA!G4) | AA16: =IF(R16="","",R16*DATA!H4) | AB16: =IF(S16="","",S16*DATA!I4) | AC16: =IF(T16="","",T16*DATA!J4) | AD16: =IF(U16="","",SQRT(SUMPRODUCT((U16:AC16-U122:AC122)^2))) | AE16: =IF(U16="","",SQRT(SUMPRODUCT((U16:AC16-U114:AC114)^2))) | AF16: =IF(OR(AD16="",AE16=""),"",AE16/(AD16+AE16))
A17: =IF(DATA!A19="","",DATA!A19) | B17: =IF(DATA!B19="","",DATA!B19) | H17: =IF(DATA!H19="","",DATA!H19) | I17: =IF(DATA!I19="","",DATA!I19) | J17: =IF(DATA!J19="","",DATA!J19) | L17: =IF(B17="","",B17/SQRT(SUMSQ(B$6:B$105))) | M17: =IF(C17="","",C17/SQRT(SUMSQ(C$6:C$105))) | N17: =IF(D17="","",D17/SQRT(SUMSQ(D$6:D$105))) | O17: =IF(E17="","",E17/SQRT(SUMSQ(E$6:E$105))) | P17: =IF(F17="","",F17/SQRT(SUMSQ(F$6:F$105))) | Q17: =IF(G17="","",G17/SQRT(SUMSQ(G$6:G$105))) | R17: =IF(H17="","",H17/SQRT(SUMSQ(H$6:H$105))) | S17: =IF(I17="","",I17/SQRT(SUMSQ(I$6:I$105))) | T17: =IF(J17="","",J17/SQRT(SUMSQ(J$6:J$105))) | U17: =IF(L17="","",L17*DATA!B9) | V17: =IF(M17="","",M17*DATA!C4) | W17: =IF(N17="","",N17*DATA!D4) | X17: =IF(O17="","",O17*DATA!E4) | Y17: =IF(P17="","",P17*DATA!F4) | Z17: =IF(Q17="","",Q17*DATA!G4) | AA17: =IF(R17="","",R17*DATA!H4) | AB17: =IF(S17="","",S17*DATA!I4) | AC17: =IF(T17="","",T17*DATA!J4) | AD17: =IF(U17="","",SQRT(SUMPRODUCT((U17:AC17-U123:AC123)^2))) | AE17: =IF(U17="","",SQRT(SUMPRODUCT((U17:AC17-U114:AC114)^2))) | AF17: =IF(OR(AD17="",AE17=""),"",AE17/(AD17+AE17))
A18: =IF(DATA!A20="","",DATA!A20) | B18: =IF(DATA!B20="","",DATA!B20) | H18: =IF(DATA!H20="","",DATA!H20) | I18: =IF(DATA!I20="","",DATA!I20) | J18: =IF(DATA!J20="","",DATA!J20) | L18: =IF(B18="","",B18/SQRT(SUMSQ(B$6:B$105))) | M18: =IF(C18="","",C18/SQRT(SUMSQ(C$6:C$105))) | N18: =IF(D18="","",D18/SQRT(SUMSQ(D$6:D$105))) | O18: =IF(E18="","",E18/SQRT(SUMSQ(E$6:E$105))) | P18: =IF(F18="","",F18/SQRT(SUMSQ(F$6:F$105))) | Q18: =IF(G18="","",G18/SQRT(SUMSQ(G$6:G$105))) | R18: =IF(H18="","",H18/SQRT(SUMSQ(H$6:H$105))) | S18: =IF(I18="","",I18/SQRT(SUMSQ(I$6:I$105))) | T18: =IF(J18="","",J18/SQRT(SUMSQ(J$6:J$105))) | U18: =IF(L18="","",L18*DATA!B10) | V18: =IF(M18="","",M18*DATA!C4) | W18: =IF(N18="","",N18*DATA!D4) | X18: =IF(O18="","",O18*DATA!E4) | Y18: =IF(P18="","",P18*DATA!F4) | Z18: =IF(Q18="","",Q18*DATA!G4) | AA18: =IF(R18="","",R18*DATA!H4) | AB18: =IF(S18="","",S18*DATA!I4) | AC18: =IF(T18="","",T18*DATA!J4) | AD18: =IF(U18="","",SQRT(SUMPRODUCT((U18:AC18-U124:AC124)^2))) | AE18: =IF(U18="","",SQRT(SUMPRODUCT((U18:AC18-U114:AC114)^2))) | AF18: =IF(OR(AD18="",AE18=""),"",AE18/(AD18+AE18))
A19: =IF(DATA!A21="","",DATA!A21) | B19: =IF(DATA!B21="","",DATA!B21) | H19: =IF(DATA!H21="","",DATA!H21) | I19: =IF(DATA!I21="","",DATA!I21) | J19: =IF(DATA!J21="","",DATA!J21) | L19: =IF(B19="","",B19/SQRT(SUMSQ(B$6:B$105))) | M19: =IF(C19="","",C19/SQRT(SUMSQ(C$6:C$105))) | N19: =IF(D19="","",D19/SQRT(SUMSQ(D$6:D$105))) | O19: =IF(E19="","",E19/SQRT(SUMSQ(E$6:E$105))) | P19: =IF(F19="","",F19/SQRT(SUMSQ(F$6:F$105))) | Q19: =IF(G19="","",G19/SQRT(SUMSQ(G$6:G$105))) | R19: =IF(H19="","",H19/SQRT(SUMSQ(H$6:H$105))) | S19: =IF(I19="","",I19/SQRT(SUMSQ(I$6:I$105))) | T19: =IF(J19="","",J19/SQRT(SUMSQ(J$6:J$105))) | U19: =IF(L19="","",L19*DATA!B11) | V19: =IF(M19="","",M19*DATA!C4) | W19: =IF(N19="","",N19*DATA!D4) | X19: =IF(O19="","",O19*DATA!E4) | Y19: =IF(P19="","",P19*DATA!F4) | Z19: =IF(Q19="","",Q19*DATA!G4) | AA19: =IF(R19="","",R19*DATA!H4) | AB19: =IF(S19="","",S19*DATA!I4) | AC19: =IF(T19="","",T19*DATA!J4) | AD19: =IF(U19="","",SQRT(SUMPRODUCT((U19:AC19-U125:AC125)^2))) | AE19: =IF(U19="","",SQRT(SUMPRODUCT((U19:AC19-U114:AC114)^2))) | AF19: =IF(OR(AD19="",AE19=""),"",AE19/(AD19+AE19))
A20: =IF(DATA!A22="","",DATA!A22) | B20: =IF(DATA!B22="","",DATA!B22) | H20: =IF(DATA!H22="","",DATA!H22) | I20: =IF(DATA!I22="","",DATA!I22) | J20: =IF(DATA!J22="","",DATA!J22) | L20: =IF(B20="","",B20/SQRT(SUMSQ(B$6:B$105))) | M20: =IF(C20="","",C20/SQRT(SUMSQ(C$6:C$105))) | N20: =IF(D20="","",D20/SQRT(SUMSQ(D$6:D$105))) | O20: =IF(E20="","",E20/SQRT(SUMSQ(E$6:E$105))) | P20: =IF(F20="","",F20/SQRT(SUMSQ(F$6:F$105))) | Q20: =IF(G20="","",G20/SQRT(SUMSQ(G$6:G$105))) | R20: =IF(H20="","",H20/SQRT(SUMSQ(H$6:H$105))) | S20: =IF(I20="","",I20/SQRT(SUMSQ(I$6:I$105))) | T20: =IF(J20="","",J20/SQRT(SUMSQ(J$6:J$105))) | U20: =IF(L20="","",L20*DATA!B12) | V20: =IF(M20="","",M20*DATA!C4) | W20: =IF(N20="","",N20*DATA!D4) | X20: =IF(O20="","",O20*DATA!E4) | Y20: =IF(P20="","",P20*DATA!F4) | Z20: =IF(Q20="","",Q20*DATA!G4) | AA20: =IF(R20="","",R20*DATA!H4) | AB20: =IF(S20="","",S20*DATA!I4) | AC20: =IF(T20="","",T20*DATA!J4) | AD20: =IF(U20="","",SQRT(SUMPRODUCT((U20:AC20-U126:AC126)^2))) | AE20: =IF(U20="","",SQRT(SUMPRODUCT((U20:AC20-U114:AC114)^2))) | AF20: =IF(OR(AD20="",AE20=""),"",AE20/(AD20+AE20))
A21: =IF(DATA!A23="","",DATA!A23) | B21: =IF(DATA!B23="","",DATA!B23) | H21: =IF(DATA!H23="","",DATA!H23) | I21: =IF(DATA!I23="","",DATA!I23) | J21: =IF(DATA!J23="","",DATA!J23) | L21: =IF(B21="","",B21/SQRT(SUMSQ(B$6:B$105))) | M21: =IF(C21="","",C21/SQRT(SUMSQ(C$6:C$105))) | N21: =IF(D21="","",D21/SQRT(SUMSQ(D$6:D$105))) | O21: =IF(E21="","",E21/SQRT(SUMSQ(E$6:E$105))) | P21: =IF(F21="","",F21/SQRT(SUMSQ(F$6:F$105))) | Q21: =IF(G21="","",G21/SQRT(SUMSQ(G$6:G$105))) | R21: =IF(H21="","",H21/SQRT(SUMSQ(H$6:H$105))) | S21: =IF(I21="","",I21/SQRT(SUMSQ(I$6:I$105))) | T21: =IF(J21="","",J21/SQRT(SUMSQ(J$6:J$105))) | U21: =IF(L21="","",L21*DATA!B4) | V21: =IF(M21="","",M21*DATA!C4) | W21: =IF(N21="","",N21*DATA!D4) | X21: =IF(O21="","",O21*DATA!E4) | Y21: =IF(P21="","",P21*DATA!F4) | Z21: =IF(Q21="","",Q21*DATA!G4) | AA21: =IF(R21="","",R21*DATA!H4) | AB21: =IF(S21="","",S21*DATA!I4) | AC21: =IF(T21="","",T21*DATA!J4) | AD21: =IF(U21="","",SQRT(SUMPRODUCT((U21:AC21-U127:AC127)^2))) | AE21: =IF(U21="","",SQRT(SUMPRODUCT((U21:AC21-U114:AC114)^2))) | AF21: =IF(OR(AD21="",AE21=""),"",AE21/(AD21+AE21))
A22: =IF(DATA!A24="","",DATA!A24) | B22: =IF(DATA!B24="","",DATA!B24) | H22: =IF(DATA!H24="","",DATA!H24) | I22: =IF(DATA!I24="","",DATA!I24) | J22: =IF(DATA!J24="","",DATA!J24) | L22: =IF(B22="","",B22/SQRT(SUMSQ(B$6:B$105))) | M22: =IF(C22="","",C22/SQRT(SUMSQ(C$6:C$105))) | N22: =IF(D22="","",D22/SQRT(SUMSQ(D$6:D$105))) | O22: =IF(E22="","",E22/SQRT(SUMSQ(E$6:E$105))) | P22: =IF(F22="","",F22/SQRT(SUMSQ(F$6:F$105))) | Q22: =IF(G22="","",G22/SQRT(SUMSQ(G$6:G$105))) | R22: =IF(H22="","",H22/SQRT(SUMSQ(H$6:H$105))) | S22: =IF(I22="","",I22/SQRT(SUMSQ(I$6:I$105))) | T22: =IF(J22="","",J22/SQRT(SUMSQ(J$6:J$105))) | U22: =IF(L22="","",L22*DATA!B4) | V22: =IF(M22="","",M22*DATA!C4) | W22: =IF(N22="","",N22*DATA!D4) | X22: =IF(O22="","",O22*DATA!E4) | Y22: =IF(P22="","",P22*DATA!F4) | Z22: =IF(Q22="","",Q22*DATA!G4) | AA22: =IF(R22="","",R22*DATA!H4) | AB22: =IF(S22="","",S22*DATA!I4) | AC22: =IF(T22="","",T22*DATA!J4) | AD22: =IF(U22="","",SQRT(SUMPRODUCT((U22:AC22-U128:AC128)^2))) | AE22: =IF(U22="","",SQRT(SUMPRODUCT((U22:AC22-U114:AC114)^2))) | AF22: =IF(OR(AD22="",AE22=""),"",AE22/(AD22+AE22))
A23: =IF(DATA!A25="","",DATA!A25) | B23: =IF(DATA!B25="","",DATA!B25) | H23: =IF(DATA!H25="","",DATA!H25) | I23: =IF(DATA!I25="","",DATA!I25) | J23: =IF(DATA!J25="","",DATA!J25) | L23: =IF(B23="","",B23/SQRT(SUMSQ(B$6:B$105))) | M23: =IF(C23="","",C23/SQRT(SUMSQ(C$6:C$105))) | N23: =IF(D23="","",D23/SQRT(SUMSQ(D$6:D$105))) | O23: =IF(E23="","",E23/SQRT(SUMSQ(E$6:E$105))) | P23: =IF(F23="","",F23/SQRT(SUMSQ(F$6:F$105))) | Q23: =IF(G23="","",G23/SQRT(SUMSQ(G$6:G$105))) | R23: =IF(H23="","",H23/SQRT(SUMSQ(H$6:H$105))) | S23: =IF(I23="","",I23/SQRT(SUMSQ(I$6:I$105))) | T23: =IF(J23="","",J23/SQRT(SUMSQ(J$6:J$105))) | U23: =IF(L23="","",L23*DATA!B4) | V23: =IF(M23="","",M23*DATA!C4) | W23: =IF(N23="","",N23*DATA!D4) | X23: =IF(O23="","",O23*DATA!E4) | Y23: =IF(P23="","",P23*DATA!F4) | Z23: =IF(Q23="","",Q23*DATA!G4) | AA23: =IF(R23="","",R23*DATA!H4) | AB23: =IF(S23="","",S23*DATA!I4) | AC23: =IF(T23="","",T23*DATA!J4) | AD23: =IF(U23="","",SQRT(SUMPRODUCT((U23:AC23-U129:AC129)^2))) | AE23: =IF(U23="","",SQRT(SUMPRODUCT((U23:AC23-U114:AC114)^2))) | AF23: =IF(OR(AD23="",AE23=""),"",AE23/(AD23+AE23))
A24: =IF(DATA!A26="","",DATA!A26) | B24: =IF(DATA!B26="","",DATA!B26) | H24: =IF(DATA!H26="","",DATA!H26) | I24: =IF(DATA!I26="","",DATA!I26) | J24: =IF(DATA!J26="","",DATA!J26) | L24: =IF(B24="","",B24/SQRT(SUMSQ(B$6:B$105))) | M24: =IF(C24="","",C24/SQRT(SUMSQ(C$6:C$105))) | N24: =IF(D24="","",D24/SQRT(SUMSQ(D$6:D$105))) | O24: =IF(E24="","",E24/SQRT(SUMSQ(E$6:E$105))) | P24: =IF(F24="","",F24/SQRT(SUMSQ(F$6:F$105))) | Q24: =IF(G24="","",G24/SQRT(SUMSQ(G$6:G$105))) | R24: =IF(H24="","",H24/SQRT(SUMSQ(H$6:H$105))) | S24: =IF(I24="","",I24/SQRT(SUMSQ(I$6:I$105))) | T24: =IF(J24="","",J24/SQRT(SUMSQ(J$6:J$105))) | U24: =IF(L24="","",L24*DATA!B4) | V24: =IF(M24="","",M24*DATA!C4) | W24: =IF(N24="","",N24*DATA!D4) | X24: =IF(O24="","",O24*DATA!E4) | Y24: =IF(P24="","",P24*DATA!F4) | Z24: =IF(Q24="","",Q24*DATA!G4) | AA24: =IF(R24="","",R24*DATA!H4) | AB24: =IF(S24="","",S24*DATA!I4) | AC24: =IF(T24="","",T24*DATA!J4) | AD24: =IF(U24="","",SQRT(SUMPRODUCT((U24:AC24-U130:AC130)^2))) | AE24: =IF(U24="","",SQRT(SUMPRODUCT((U24:AC24-U114:AC114)^2))) | AF24: =IF(OR(AD24="",AE24=""),"",AE24/(AD24+AE24))
A25: =IF(DATA!A27="","",DATA!A27) | B25: =IF(DATA!B27="","",DATA!B27) | C25: =IF(DATA!C27="","",DATA!C27) | D25: =IF(DATA!D27="","",DATA!D27) | E25: =IF(DATA!E27="","",DATA!E27) | F25: =IF(DATA!F27="","",DATA!F27) | G25: =IF(DATA!G27="","",DATA!G27) | H25: =IF(DATA!H27="","",DATA!H27) | ... J25: =IF(DATA!J27="","",DATA!J27) | L25: =IF(B25="","",B25/SQRT(SUMSQ(B$6:B$105))) | M25: =IF(C25="","",C25/SQRT(SUMSQ(C$6:C$105))) | N25: =IF(D25="","",D25/SQRT(SUMSQ(D$6:D$105))) | O25: =IF(E25="","",E25/SQRT(SUMSQ(E$6:E$105))) | P25: =IF(F25="","",F25/SQRT(SUMSQ(F$6:F$105))) | Q25: =IF(G25="","",G25/SQRT(SUMSQ(G$6:G$105))) | R25: =IF(H25="","",H25/SQRT(SUMSQ(H$6:H$105))) | S25: =IF(I25="","",I25/SQRT(SUMSQ(I$6:I$105))) | T25: =IF(J25="","",J25/SQRT(SUMSQ(J$6:J$105))) | U25: =IF(L25="","",L25*DATA!B4) | V25: =IF(M25="","",M25*DATA!C4) | W25: =IF(N25="","",N25*DATA!D4) | X25: =IF(O25="","",O25*DATA!E4) | Y25: =IF(P25="","",P25*DATA!F4) | Z25: =IF(Q25="","",Q25*DATA!G4) | AA25: =IF(R25="","",R25*DATA!H4) | AB25: =IF(S25="","",S25*DATA!I4) | AC25: =IF(T25="","",T25*DATA!J4) | AD25: =IF(U25="","",SQRT(SUMPRODUCT((U25:AC25-U131:AC131)^2))) | AE25: =IF(U25="","",SQRT(SUMPRODUCT((U25:AC25-U114:AC114)^2))) | AF25: =IF(OR(AD25="",AE25=""),"",AE25/(AD25+AE25))
A26: =IF(DATA!A28="","",DATA!A28) | B26: =IF(DATA!B28="","",DATA!B28) | C26: =IF(DATA!C28="","",DATA!C28) | D26: =IF(DATA!D28="","",DATA!D28) | E26: =IF(DATA!E28="","",DATA!E28) | F26: =IF(DATA!F28="","",DATA!F28) | G26: =IF(DATA!G28="","",DATA!G28) | H26: =IF(DATA!H28="","",DATA!H28) | ... J26: =IF(DATA!J28="","",DATA!J28) | L26: =IF(B26="","",B26/SQRT(SUMSQ(B$6:B$105))) | M26: =IF(C26="","",C26/SQRT(SUMSQ(C$6:C$105))) | N26: =IF(D26="","",D26/SQRT(SUMSQ(D$6:D$105))) | O26: =IF(E26="","",E26/SQRT(SUMSQ(E$6:E$105))) | P26: =IF(F26="","",F26/SQRT(SUMSQ(F$6:F$105))) | Q26: =IF(G26="","",G26/SQRT(SUMSQ(G$6:G$105))) | R26: =IF(H26="","",H26/SQRT(SUMSQ(H$6:H$105))) | S26: =IF(I26="","",I26/SQRT(SUMSQ(I$6:I$105))) | T26: =IF(J26="","",J26/SQRT(SUMSQ(J$6:J$105))) | U26: =IF(L26="","",L26*DATA!B4) | V26: =IF(M26="","",M26*DATA!C4) | W26: =IF(N26="","",N26*DATA!D4) | X26: =IF(O26="","",O26*DATA!E4) | Y26: =IF(P26="","",P26*DATA!F4) | Z26: =IF(Q26="","",Q26*DATA!G4) | AA26: =IF(R26="","",R26*DATA!H4) | AB26: =IF(S26="","",S26*DATA!I4) | AC26: =IF(T26="","",T26*DATA!J4) | AD26: =IF(U26="","",SQRT(SUMPRODUCT((U26:AC26-U132:AC132)^2))) | AE26: =IF(U26="","",SQRT(SUMPRODUCT((U26:AC26-U114:AC114)^2))) | AF26: =IF(OR(AD26="",AE26=""),"",AE26/(AD26+AE26))
A27: =IF(DATA!A29="","",DATA!A29) | B27: =IF(DATA!B29="","",DATA!B29) | C27: =IF(DATA!C29="","",DATA!C29) | D27: =IF(DATA!D29="","",DATA!D29) | E27: =IF(DATA!E29="","",DATA!E29) | F27: =IF(DATA!F29="","",DATA!F29) | G27: =IF(DATA!G29="","",DATA!G29) | H27: =IF(DATA!H29="","",DATA!H29) | ... J27: =IF(DATA!J29="","",DATA!J29) | L27: =IF(B27="","",B27/SQRT(SUMSQ(B$6:B$105))) | M27: =IF(C27="","",C27/SQRT(SUMSQ(C$6:C$105))) | N27: =IF(D27="","",D27/SQRT(SUMSQ(D$6:D$105))) | O27: =IF(E27="","",E27/SQRT(SUMSQ(E$6:E$105))) | P27: =IF(F27="","",F27/SQRT(SUMSQ(F$6:F$105))) | Q27: =IF(G27="","",G27/SQRT(SUMSQ(G$6:G$105))) | R27: =IF(H27="","",H27/SQRT(SUMSQ(H$6:H$105))) | S27: =IF(I27="","",I27/SQRT(SUMSQ(I$6:I$105))) | T27: =IF(J27="","",J27/SQRT(SUMSQ(J$6:J$105))) | U27: =IF(L27="","",L27*DATA!B4) | V27: =IF(M27="","",M27*DATA!C4) | W27: =IF(N27="","",N27*DATA!D4) | X27: =IF(O27="","",O27*DATA!E4) | Y27: =IF(P27="","",P27*DATA!F4) | Z27: =IF(Q27="","",Q27*DATA!G4) | AA27: =IF(R27="","",R27*DATA!H4) | AB27: =IF(S27="","",S27*DATA!I4) | AC27: =IF(T27="","",T27*DATA!J4) | AD27: =IF(U27="","",SQRT(SUMPRODUCT((U27:AC27-U133:AC133)^2))) | AE27: =IF(U27="","",SQRT(SUMPRODUCT((U27:AC27-U114:AC114)^2))) | AF27: =IF(OR(AD27="",AE27=""),"",AE27/(AD27+AE27))
A28: =IF(DATA!A30="","",DATA!A30) | B28: =IF(DATA!B30="","",DATA!B30) | C28: =IF(DATA!C30="","",DATA!C30) | D28: =IF(DATA!D30="","",DATA!D30) | E28: =IF(DATA!E30="","",DATA!E30) | F28: =IF(DATA!F30="","",DATA!F30) | G28: =IF(DATA!G30="","",DATA!G30) | H28: =IF(DATA!H30="","",DATA!H30) | ... J28: =IF(DATA!J30="","",DATA!J30) | L28: =IF(B28="","",B28/SQRT(SUMSQ(B$6:B$105))) | M28: =IF(C28="","",C28/SQRT(SUMSQ(C$6:C$105))) | N28: =IF(D28="","",D28/SQRT(SUMSQ(D$6:D$105))) | O28: =IF(E28="","",E28/SQRT(SUMSQ(E$6:E$105))) | P28: =IF(F28="","",F28/SQRT(SUMSQ(F$6:F$105))) | Q28: =IF(G28="","",G28/SQRT(SUMSQ(G$6:G$105))) | R28: =IF(H28="","",H28/SQRT(SUMSQ(H$6:H$105))) | S28: =IF(I28="","",I28/SQRT(SUMSQ(I$6:I$105))) | T28: =IF(J28="","",J28/SQRT(SUMSQ(J$6:J$105))) | U28: =IF(L28="","",L28*DATA!B4) | V28: =IF(M28="","",M28*DATA!C4) | W28: =IF(N28="","",N28*DATA!D4) | X28: =IF(O28="","",O28*DATA!E4) | Y28: =IF(P28="","",P28*DATA!F4) | Z28: =IF(Q28="","",Q28*DATA!G4) | AA28: =IF(R28="","",R28*DATA!H4) | AB28: =IF(S28="","",S28*DATA!I4) | AC28: =IF(T28="","",T28*DATA!J4) | AD28: =IF(U28="","",SQRT(SUMPRODUCT((U28:AC28-U134:AC134)^2))) | AE28: =IF(U28="","",SQRT(SUMPRODUCT((U28:AC28-U114:AC114)^2))) | AF28: =IF(OR(AD28="",AE28=""),"",AE28/(AD28+AE28))
A29: =IF(DATA!A31="","",DATA!A31) | B29: =IF(DATA!B31="","",DATA!B31) | C29: =IF(DATA!C31="","",DATA!C31) | D29: =IF(DATA!D31="","",DATA!D31) | E29: =IF(DATA!E31="","",DATA!E31) | F29: =IF(DATA!F31="","",DATA!F31) | G29: =IF(DATA!G31="","",DATA!G31) | H29: =IF(DATA!H31="","",DATA!H31) | ... J29: =IF(DATA!J31="","",DATA!J31) | L29: =IF(B29="","",B29/SQRT(SUMSQ(B$6:B$105))) | M29: =IF(C29="","",C29/SQRT(SUMSQ(C$6:C$105))) | N29: =IF(D29="","",D29/SQRT(SUMSQ(D$6:D$105))) | O29: =IF(E29="","",E29/SQRT(SUMSQ(E$6:E$105))) | P29: =IF(F29="","",F29/SQRT(SUMSQ(F$6:F$105))) | Q29: =IF(G29="","",G29/SQRT(SUMSQ(G$6:G$105))) | R29: =IF(H29="","",H29/SQRT(SUMSQ(H$6:H$105))) | S29: =IF(I29="","",I29/SQRT(SUMSQ(I$6:I$105))) | T29: =IF(J29="","",J29/SQRT(SUMSQ(J$6:J$105))) | U29: =IF(L29="","",L29*DATA!B4) | V29: =IF(M29="","",M29*DATA!C4) | W29: =IF(N29="","",N29*DATA!D4) | X29: =IF(O29="","",O29*DATA!E4) | Y29: =IF(P29="","",P29*DATA!F4) | Z29: =IF(Q29="","",Q29*DATA!G4) | AA29: =IF(R29="","",R29*DATA!H4) | AB29: =IF(S29="","",S29*DATA!I4) | AC29: =IF(T29="","",T29*DATA!J4) | AD29: =IF(U29="","",SQRT(SUMPRODUCT((U29:AC29-U135:AC135)^2))) | AE29: =IF(U29="","",SQRT(SUMPRODUCT((U29:AC29-U114:AC114)^2))) | AF29: =IF(OR(AD29="",AE29=""),"",AE29/(AD29+AE29))
A30: =IF(DATA!A32="","",DATA!A32) | B30: =IF(DATA!B32="","",DATA!B32) | C30: =IF(DATA!C32="","",DATA!C32) | D30: =IF(DATA!D32="","",DATA!D32) | E30: =IF(DATA!E32="","",DATA!E32) | F30: =IF(DATA!F32="","",DATA!F32) | G30: =IF(DATA!G32="","",DATA!G32) | H30: =IF(DATA!H32="","",DATA!H32) | ... J30: =IF(DATA!J32="","",DATA!J32) | L30: =IF(B30="","",B30/SQRT(SUMSQ(B$6:B$105))) | M30: =IF(C30="","",C30/SQRT(SUMSQ(C$6:C$105))) | N30: =IF(D30="","",D30/SQRT(SUMSQ(D$6:D$105))) | O30: =IF(E30="","",E30/SQRT(SUMSQ(E$6:E$105))) | P30: =IF(F30="","",F30/SQRT(SUMSQ(F$6:F$105))) | Q30: =IF(G30="","",G30/SQRT(SUMSQ(G$6:G$105))) | R30: =IF(H30="","",H30/SQRT(SUMSQ(H$6:H$105))) | S30: =IF(I30="","",I30/SQRT(SUMSQ(I$6:I$105))) | T30: =IF(J30="","",J30/SQRT(SUMSQ(J$6:J$105))) | U30: =IF(L30="","",L30*DATA!B4) | V30: =IF(M30="","",M30*DATA!C4) | W30: =IF(N30="","",N30*DATA!D4) | X30: =IF(O30="","",O30*DATA!E4) | Y30: =IF(P30="","",P30*DATA!F4) | Z30: =IF(Q30="","",Q30*DATA!G4) | AA30: =IF(R30="","",R30*DATA!H4) | AB30: =IF(S30="","",S30*DATA!I4) | AC30: =IF(T30="","",T30*DATA!J4) | AD30: =IF(U30="","",SQRT(SUMPRODUCT((U30:AC30-U136:AC136)^2))) | AE30: =IF(U30="","",SQRT(SUMPRODUCT((U30:AC30-U114:AC114)^2))) | AF30: =IF(OR(AD30="",AE30=""),"",AE30/(AD30+AE30))
A31: =IF(DATA!A33="","",DATA!A33) | B31: =IF(DATA!B33="","",DATA!B33) | C31: =IF(DATA!C33="","",DATA!C33) | D31: =IF(DATA!D33="","",DATA!D33) | E31: =IF(DATA!E33="","",DATA!E33) | F31: =IF(DATA!F33="","",DATA!F33) | G31: =IF(DATA!G33="","",DATA!G33) | H31: =IF(DATA!H33="","",DATA!H33) | ... J31: =IF(DATA!J33="","",DATA!J33) | L31: =IF(B31="","",B31/SQRT(SUMSQ(B$6:B$105))) | M31: =IF(C31="","",C31/SQRT(SUMSQ(C$6:C$105))) | N31: =IF(D31="","",D31/SQRT(SUMSQ(D$6:D$105))) | O31: =IF(E31="","",E31/SQRT(SUMSQ(E$6:E$105))) | P31: =IF(F31="","",F31/SQRT(SUMSQ(F$6:F$105))) | Q31: =IF(G31="","",G31/SQRT(SUMSQ(G$6:G$105))) | R31: =IF(H31="","",H31/SQRT(SUMSQ(H$6:H$105))) | S31: =IF(I31="","",I31/SQRT(SUMSQ(I$6:I$105))) | T31: =IF(J31="","",J31/SQRT(SUMSQ(J$6:J$105))) | U31: =IF(L31="","",L31*DATA!B4) | V31: =IF(M31="","",M31*DATA!C4) | W31: =IF(N31="","",N31*DATA!D4) | X31: =IF(O31="","",O31*DATA!E4) | Y31: =IF(P31="","",P31*DATA!F4) | Z31: =IF(Q31="","",Q31*DATA!G4) | AA31: =IF(R31="","",R31*DATA!H4) | AB31: =IF(S31="","",S31*DATA!I4) | AC31: =IF(T31="","",T31*DATA!J4) | AD31: =IF(U31="","",SQRT(SUMPRODUCT((U31:AC31-U137:AC137)^2))) | AE31: =IF(U31="","",SQRT(SUMPRODUCT((U31:AC31-U114:AC114)^2))) | AF31: =IF(OR(AD31="",AE31=""),"",AE31/(AD31+AE31))
A32: =IF(DATA!A34="","",DATA!A34) | B32: =IF(DATA!B34="","",DATA!B34) | C32: =IF(DATA!C34="","",DATA!C34) | D32: =IF(DATA!D34="","",DATA!D34) | E32: =IF(DATA!E34="","",DATA!E34) | F32: =IF(DATA!F34="","",DATA!F34) | G32: =IF(DATA!G34="","",DATA!G34) | H32: =IF(DATA!H34="","",DATA!H34) | ... J32: =IF(DATA!J34="","",DATA!J34) | L32: =IF(B32="","",B32/SQRT(SUMSQ(B$6:B$105))) | M32: =IF(C32="","",C32/SQRT(SUMSQ(C$6:C$105))) | N32: =IF(D32="","",D32/SQRT(SUMSQ(D$6:D$105))) | O32: =IF(E32="","",E32/SQRT(SUMSQ(E$6:E$105))) | P32: =IF(F32="","",F32/SQRT(SUMSQ(F$6:F$105))) | Q32: =IF(G32="","",G32/SQRT(SUMSQ(G$6:G$105))) | R32: =IF(H32="","",H32/SQRT(SUMSQ(H$6:H$105))) | S32: =IF(I32="","",I32/SQRT(SUMSQ(I$6:I$105))) | T32: =IF(J32="","",J32/SQRT(SUMSQ(J$6:J$105))) | U32: =IF(L32="","",L32*DATA!B4) | V32: =IF(M32="","",M32*DATA!C4) | W32: =IF(N32="","",N32*DATA!D4) | X32: =IF(O32="","",O32*DATA!E4) | Y32: =IF(P32="","",P32*DATA!F4) | Z32: =IF(Q32="","",Q32*DATA!G4) | AA32: =IF(R32="","",R32*DATA!H4) | AB32: =IF(S32="","",S32*DATA!I4) | AC32: =IF(T32="","",T32*DATA!J4) | AD32: =IF(U32="","",SQRT(SUMPRODUCT((U32:AC32-U138:AC138)^2))) | AE32: =IF(U32="","",SQRT(SUMPRODUCT((U32:AC32-U114:AC114)^2))) | AF32: =IF(OR(AD32="",AE32=""),"",AE32/(AD32+AE32))
A33: =IF(DATA!A35="","",DATA!A35) | B33: =IF(DATA!B35="","",DATA!B35) | C33: =IF(DATA!C35="","",DATA!C35) | D33: =IF(DATA!D35="","",DATA!D35) | E33: =IF(DATA!E35="","",DATA!E35) | F33: =IF(DATA!F35="","",DATA!F35) | G33: =IF(DATA!G35="","",DATA!G35) | H33: =IF(DATA!H35="","",DATA!H35) | ... J33: =IF(DATA!J35="","",DATA!J35) | L33: =IF(B33="","",B33/SQRT(SUMSQ(B$6:B$105))) | M33: =IF(C33="","",C33/SQRT(SUMSQ(C$6:C$105))) | N33: =IF(D33="","",D33/SQRT(SUMSQ(D$6:D$105))) | O33: =IF(E33="","",E33/SQRT(SUMSQ(E$6:E$105))) | P33: =IF(F33="","",F33/SQRT(SUMSQ(F$6:F$105))) | Q33: =IF(G33="","",G33/SQRT(SUMSQ(G$6:G$105))) | R33: =IF(H33="","",H33/SQRT(SUMSQ(H$6:H$105))) | S33: =IF(I33="","",I33/SQRT(SUMSQ(I$6:I$105))) | T33: =IF(J33="","",J33/SQRT(SUMSQ(J$6:J$105))) | U33: =IF(L33="","",L33*DATA!B4) | V33: =IF(M33="","",M33*DATA!C4) | W33: =IF(N33="","",N33*DATA!D4) | X33: =IF(O33="","",O33*DATA!E4) | Y33: =IF(P33="","",P33*DATA!F4) | Z33: =IF(Q33="","",Q33*DATA!G4) | AA33: =IF(R33="","",R33*DATA!H4) | AB33: =IF(S33="","",S33*DATA!I4) | AC33: =IF(T33="","",T33*DATA!J4) | AD33: =IF(U33="","",SQRT(SUMPRODUCT((U33:AC33-U139:AC139)^2))) | AE33: =IF(U33="","",SQRT(SUMPRODUCT((U33:AC33-U114:AC114)^2))) | AF33: =IF(OR(AD33="",AE33=""),"",AE33/(AD33+AE33))
A34: =IF(DATA!A36="","",DATA!A36) | B34: =IF(DATA!B36="","",DATA!B36) | C34: =IF(DATA!C36="","",DATA!C36) | D34: =IF(DATA!D36="","",DATA!D36) | E34: =IF(DATA!E36="","",DATA!E36) | F34: =IF(DATA!F36="","",DATA!F36) | G34: =IF(DATA!G36="","",DATA!G36) | H34: =IF(DATA!H36="","",DATA!H36) | ... J34: =IF(DATA!J36="","",DATA!J36) | L34: =IF(B34="","",B34/SQRT(SUMSQ(B$6:B$105))) | M34: =IF(C34="","",C34/SQRT(SUMSQ(C$6:C$105))) | N34: =IF(D34="","",D34/SQRT(SUMSQ(D$6:D$105))) | O34: =IF(E34="","",E34/SQRT(SUMSQ(E$6:E$105))) | P34: =IF(F34="","",F34/SQRT(SUMSQ(F$6:F$105))) | Q34: =IF(G34="","",G34/SQRT(SUMSQ(G$6:G$105))) | R34: =IF(H34="","",H34/SQRT(SUMSQ(H$6:H$105))) | S34: =IF(I34="","",I34/SQRT(SUMSQ(I$6:I$105))) | T34: =IF(J34="","",J34/SQRT(SUMSQ(J$6:J$105))) | U34: =IF(L34="","",L34*DATA!B4) | V34: =IF(M34="","",M34*DATA!C4) | W34: =IF(N34="","",N34*DATA!D4) | X34: =IF(O34="","",O34*DATA!E4) | Y34: =IF(P34="","",P34*DATA!F4) | Z34: =IF(Q34="","",Q34*DATA!G4) | AA34: =IF(R34="","",R34*DATA!H4) | AB34: =IF(S34="","",S34*DATA!I4) | AC34: =IF(T34="","",T34*DATA!J4) | AD34: =IF(U34="","",SQRT(SUMPRODUCT((U34:AC34-U140:AC140)^2))) | AE34: =IF(U34="","",SQRT(SUMPRODUCT((U34:AC34-U114:AC114)^2))) | AF34: =IF(OR(AD34="",AE34=""),"",AE34/(AD34+AE34))
A35: =IF(DATA!A37="","",DATA!A37) | B35: =IF(DATA!B37="","",DATA!B37) | C35: =IF(DATA!C37="","",DATA!C37) | D35: =IF(DATA!D37="","",DATA!D37) | E35: =IF(DATA!E37="","",DATA!E37) | F35: =IF(DATA!F37="","",DATA!F37) | G35: =IF(DATA!G37="","",DATA!G37) | H35: =IF(DATA!H37="","",DATA!H37) | ... J35: =IF(DATA!J37="","",DATA!J37) | L35: =IF(B35="","",B35/SQRT(SUMSQ(B$6:B$105))) | M35: =IF(C35="","",C35/SQRT(SUMSQ(C$6:C$105))) | N35: =IF(D35="","",D35/SQRT(SUMSQ(D$6:D$105))) | O35: =IF(E35="","",E35/SQRT(SUMSQ(E$6:E$105))) | P35: =IF(F35="","",F35/SQRT(SUMSQ(F$6:F$105))) | Q35: =IF(G35="","",G35/SQRT(SUMSQ(G$6:G$105))) | R35: =IF(H35="","",H35/SQRT(SUMSQ(H$6:H$105))) | S35: =IF(I35="","",I35/SQRT(SUMSQ(I$6:I$105))) | T35: =IF(J35="","",J35/SQRT(SUMSQ(J$6:J$105))) | U35: =IF(L35="","",L35*DATA!B4) | V35: =IF(M35="","",M35*DATA!C4) | W35: =IF(N35="","",N35*DATA!D4) | X35: =IF(O35="","",O35*DATA!E4) | Y35: =IF(P35="","",P35*DATA!F4) | Z35: =IF(Q35="","",Q35*DATA!G4) | AA35: =IF(R35="","",R35*DATA!H4) | AB35: =IF(S35="","",S35*DATA!I4) | AC35: =IF(T35="","",T35*DATA!J4) | AD35: =IF(U35="","",SQRT(SUMPRODUCT((U35:AC35-U141:AC141)^2))) | AE35: =IF(U35="","",SQRT(SUMPRODUCT((U35:AC35-U114:AC114)^2))) | AF35: =IF(OR(AD35="",AE35=""),"",AE35/(AD35+AE35))
A36: =IF(DATA!A38="","",DATA!A38) | B36: =IF(DATA!B38="","",DATA!B38) | C36: =IF(DATA!C38="","",DATA!C38) | D36: =IF(DATA!D38="","",DATA!D38) | E36: =IF(DATA!E38="","",DATA!E38) | F36: =IF(DATA!F38="","",DATA!F38) | G36: =IF(DATA!G38="","",DATA!G38) | H36: =IF(DATA!H38="","",DATA!H38) | ... J36: =IF(DATA!J38="","",DATA!J38) | L36: =IF(B36="","",B36/SQRT(SUMSQ(B$6:B$105))) | M36: =IF(C36="","",C36/SQRT(SUMSQ(C$6:C$105))) | N36: =IF(D36="","",D36/SQRT(SUMSQ(D$6:D$105))) | O36: =IF(E36="","",E36/SQRT(SUMSQ(E$6:E$105))) | P36: =IF(F36="","",F36/SQRT(SUMSQ(F$6:F$105))) | Q36: =IF(G36="","",G36/SQRT(SUMSQ(G$6:G$105))) | R36: =IF(H36="","",H36/SQRT(SUMSQ(H$6:H$105))) | S36: =IF(I36="","",I36/SQRT(SUMSQ(I$6:I$105))) | T36: =IF(J36="","",J36/SQRT(SUMSQ(J$6:J$105))) | U36: =IF(L36="","",L36*DATA!B4) | V36: =IF(M36="","",M36*DATA!C4) | W36: =IF(N36="","",N36*DATA!D4) | X36: =IF(O36="","",O36*DATA!E4) | Y36: =IF(P36="","",P36*DATA!F4) | Z36: =IF(Q36="","",Q36*DATA!G4) | AA36: =IF(R36="","",R36*DATA!H4) | AB36: =IF(S36="","",S36*DATA!I4) | AC36: =IF(T36="","",T36*DATA!J4) | AD36: =IF(U36="","",SQRT(SUMPRODUCT((U36:AC36-U142:AC142)^2))) | AE36: =IF(U36="","",SQRT(SUMPRODUCT((U36:AC36-U114:AC114)^2))) | AF36: =IF(OR(AD36="",AE36=""),"",AE36/(AD36+AE36))
A37: =IF(DATA!A39="","",DATA!A39) | B37: =IF(DATA!B39="","",DATA!B39) | C37: =IF(DATA!C39="","",DATA!C39) | D37: =IF(DATA!D39="","",DATA!D39) | E37: =IF(DATA!E39="","",DATA!E39) | F37: =IF(DATA!F39="","",DATA!F39) | G37: =IF(DATA!G39="","",DATA!G39) | H37: =IF(DATA!H39="","",DATA!H39) | ... J37: =IF(DATA!J39="","",DATA!J39) | L37: =IF(B37="","",B37/SQRT(SUMSQ(B$6:B$105))) | M37: =IF(C37="","",C37/SQRT(SUMSQ(C$6:C$105))) | N37: =IF(D37="","",D37/SQRT(SUMSQ(D$6:D$105))) | O37: =IF(E37="","",E37/SQRT(SUMSQ(E$6:E$105))) | P37: =IF(F37="","",F37/SQRT(SUMSQ(F$6:F$105))) | Q37: =IF(G37="","",G37/SQRT(SUMSQ(G$6:G$105))) | R37: =IF(H37="","",H37/SQRT(SUMSQ(H$6:H$105))) | S37: =IF(I37="","",I37/SQRT(SUMSQ(I$6:I$105))) | T37: =IF(J37="","",J37/SQRT(SUMSQ(J$6:J$105))) | U37: =IF(L37="","",L37*DATA!B4) | V37: =IF(M37="","",M37*DATA!C4) | W37: =IF(N37="","",N37*DATA!D4) | X37: =IF(O37="","",O37*DATA!E4) | Y37: =IF(P37="","",P37*DATA!F4) | Z37: =IF(Q37="","",Q37*DATA!G4) | AA37: =IF(R37="","",R37*DATA!H4) | AB37: =IF(S37="","",S37*DATA!I4) | AC37: =IF(T37="","",T37*DATA!J4) | AD37: =IF(U37="","",SQRT(SUMPRODUCT((U37:AC37-U143:AC143)^2))) | AE37: =IF(U37="","",SQRT(SUMPRODUCT((U37:AC37-U114:AC114)^2))) | AF37: =IF(OR(AD37="",AE37=""),"",AE37/(AD37+AE37))
A38: =IF(DATA!A40="","",DATA!A40) | B38: =IF(DATA!B40="","",DATA!B40) | C38: =IF(DATA!C40="","",DATA!C40) | D38: =IF(DATA!D40="","",DATA!D40) | E38: =IF(DATA!E40="","",DATA!E40) | F38: =IF(DATA!F40="","",DATA!F40) | G38: =IF(DATA!G40="","",DATA!G40) | H38: =IF(DATA!H40="","",DATA!H40) | ... J38: =IF(DATA!J40="","",DATA!J40) | L38: =IF(B38="","",B38/SQRT(SUMSQ(B$6:B$105))) | M38: =IF(C38="","",C38/SQRT(SUMSQ(C$6:C$105))) | N38: =IF(D38="","",D38/SQRT(SUMSQ(D$6:D$105))) | O38: =IF(E38="","",E38/SQRT(SUMSQ(E$6:E$105))) | P38: =IF(F38="","",F38/SQRT(SUMSQ(F$6:F$105))) | Q38: =IF(G38="","",G38/SQRT(SUMSQ(G$6:G$105))) | R38: =IF(H38="","",H38/SQRT(SUMSQ(H$6:H$105))) | S38: =IF(I38="","",I38/SQRT(SUMSQ(I$6:I$105))) | T38: =IF(J38="","",J38/SQRT(SUMSQ(J$6:J$105))) | U38: =IF(L38="","",L38*DATA!B4) | V38: =IF(M38="","",M38*DATA!C4) | W38: =IF(N38="","",N38*DATA!D4) | X38: =IF(O38="","",O38*DATA!E4) | Y38: =IF(P38="","",P38*DATA!F4) | Z38: =IF(Q38="","",Q38*DATA!G4) | AA38: =IF(R38="","",R38*DATA!H4) | AB38: =IF(S38="","",S38*DATA!I4) | AC38: =IF(T38="","",T38*DATA!J4) | AD38: =IF(U38="","",SQRT(SUMPRODUCT((U38:AC38-U144:AC144)^2))) | AE38: =IF(U38="","",SQRT(SUMPRODUCT((U38:AC38-U114:AC114)^2))) | AF38: =IF(OR(AD38="",AE38=""),"",AE38/(AD38+AE38))
A39: =IF(DATA!A41="","",DATA!A41) | B39: =IF(DATA!B41="","",DATA!B41) | C39: =IF(DATA!C41="","",DATA!C41) | D39: =IF(DATA!D41="","",DATA!D41) | E39: =IF(DATA!E41="","",DATA!E41) | F39: =IF(DATA!F41="","",DATA!F41) | G39: =IF(DATA!G41="","",DATA!G41) | H39: =IF(DATA!H41="","",DATA!H41) | ... J39: =IF(DATA!J41="","",DATA!J41) | L39: =IF(B39="","",B39/SQRT(SUMSQ(B$6:B$105))) | M39: =IF(C39="","",C39/SQRT(SUMSQ(C$6:C$105))) | N39: =IF(D39="","",D39/SQRT(SUMSQ(D$6:D$105))) | O39: =IF(E39="","",E39/SQRT(SUMSQ(E$6:E$105))) | P39: =IF(F39="","",F39/SQRT(SUMSQ(F$6:F$105))) | Q39: =IF(G39="","",G39/SQRT(SUMSQ(G$6:G$105))) | R39: =IF(H39="","",H39/SQRT(SUMSQ(H$6:H$105))) | S39: =IF(I39="","",I39/SQRT(SUMSQ(I$6:I$105))) | T39: =IF(J39="","",J39/SQRT(SUMSQ(J$6:J$105))) | U39: =IF(L39="","",L39*DATA!B4) | V39: =IF(M39="","",M39*DATA!C4) | W39: =IF(N39="","",N39*DATA!D4) | X39: =IF(O39="","",O39*DATA!E4) | Y39: =IF(P39="","",P39*DATA!F4) | Z39: =IF(Q39="","",Q39*DATA!G4) | AA39: =IF(R39="","",R39*DATA!H4) | AB39: =IF(S39="","",S39*DATA!I4) | AC39: =IF(T39="","",T39*DATA!J4) | AD39: =IF(U39="","",SQRT(SUMPRODUCT((U39:AC39-U145:AC145)^2))) | AE39: =IF(U39="","",SQRT(SUMPRODUCT((U39:AC39-U114:AC114)^2))) | AF39: =IF(OR(AD39="",AE39=""),"",AE39/(AD39+AE39))
A40: =IF(DATA!A42="","",DATA!A42) | B40: =IF(DATA!B42="","",DATA!B42) | C40: =IF(DATA!C42="","",DATA!C42) | D40: =IF(DATA!D42="","",DATA!D42) | E40: =IF(DATA!E42="","",DATA!E42) | F40: =IF(DATA!F42="","",DATA!F42) | G40: =IF(DATA!G42="","",DATA!G42) | H40: =IF(DATA!H42="","",DATA!H42) | ... J40: =IF(DATA!J42="","",DATA!J42) | L40: =IF(B40="","",B40/SQRT(SUMSQ(B$6:B$105))) | M40: =IF(C40="","",C40/SQRT(SUMSQ(C$6:C$105))) | N40: =IF(D40="","",D40/SQRT(SUMSQ(D$6:D$105))) | O40: =IF(E40="","",E40/SQRT(SUMSQ(E$6:E$105))) | P40: =IF(F40="","",F40/SQRT(SUMSQ(F$6:F$105))) | Q40: =IF(G40="","",G40/SQRT(SUMSQ(G$6:G$105))) | R40: =IF(H40="","",H40/SQRT(SUMSQ(H$6:H$105))) | S40: =IF(I40="","",I40/SQRT(SUMSQ(I$6:I$105))) | T40: =IF(J40="","",J40/SQRT(SUMSQ(J$6:J$105))) | U40: =IF(L40="","",L40*DATA!B4) | V40: =IF(M40="","",M40*DATA!C4) | W40: =IF(N40="","",N40*DATA!D4) | X40: =IF(O40="","",O40*DATA!E4) | Y40: =IF(P40="","",P40*DATA!F4) | Z40: =IF(Q40="","",Q40*DATA!G4) | AA40: =IF(R40="","",R40*DATA!H4) | AB40: =IF(S40="","",S40*DATA!I4) | AC40: =IF(T40="","",T40*DATA!J4) | AD40: =IF(U40="","",SQRT(SUMPRODUCT((U40:AC40-U146:AC146)^2))) | AE40: =IF(U40="","",SQRT(SUMPRODUCT((U40:AC40-U114:AC114)^2))) | AF40: =IF(OR(AD40="",AE40=""),"",AE40/(AD40+AE40))
A41: =IF(DATA!A43="","",DATA!A43) | B41: =IF(DATA!B43="","",DATA!B43) | C41: =IF(DATA!C43="","",DATA!C43) | D41: =IF(DATA!D43="","",DATA!D43) | E41: =IF(DATA!E43="","",DATA!E43) | F41: =IF(DATA!F43="","",DATA!F43) | G41: =IF(DATA!G43="","",DATA!G43) | H41: =IF(DATA!H43="","",DATA!H43) | ... J41: =IF(DATA!J43="","",DATA!J43) | L41: =IF(B41="","",B41/SQRT(SUMSQ(B$6:B$105))) | M41: =IF(C41="","",C41/SQRT(SUMSQ(C$6:C$105))) | N41: =IF(D41="","",D41/SQRT(SUMSQ(D$6:D$105))) | O41: =IF(E41="","",E41/SQRT(SUMSQ(E$6:E$105))) | P41: =IF(F41="","",F41/SQRT(SUMSQ(F$6:F$105))) | Q41: =IF(G41="","",G41/SQRT(SUMSQ(G$6:G$105))) | R41: =IF(H41="","",H41/SQRT(SUMSQ(H$6:H$105))) | S41: =IF(I41="","",I41/SQRT(SUMSQ(I$6:I$105))) | T41: =IF(J41="","",J41/SQRT(SUMSQ(J$6:J$105))) | U41: =IF(L41="","",L41*DATA!B4) | V41: =IF(M41="","",M41*DATA!C4) | W41: =IF(N41="","",N41*DATA!D4) | X41: =IF(O41="","",O41*DATA!E4) | Y41: =IF(P41="","",P41*DATA!F4) | Z41: =IF(Q41="","",Q41*DATA!G4) | AA41: =IF(R41="","",R41*DATA!H4) | AB41: =IF(S41="","",S41*DATA!I4) | AC41: =IF(T41="","",T41*DATA!J4) | AD41: =IF(U41="","",SQRT(SUMPRODUCT((U41:AC41-U147:AC147)^2))) | AE41: =IF(U41="","",SQRT(SUMPRODUCT((U41:AC41-U114:AC114)^2))) | AF41: =IF(OR(AD41="",AE41=""),"",AE41/(AD41+AE41))
A42: =IF(DATA!A44="","",DATA!A44) | B42: =IF(DATA!B44="","",DATA!B44) | C42: =IF(DATA!C44="","",DATA!C44) | D42: =IF(DATA!D44="","",DATA!D44) | E42: =IF(DATA!E44="","",DATA!E44) | F42: =IF(DATA!F44="","",DATA!F44) | G42: =IF(DATA!G44="","",DATA!G44) | H42: =IF(DATA!H44="","",DATA!H44) | ... J42: =IF(DATA!J44="","",DATA!J44) | L42: =IF(B42="","",B42/SQRT(SUMSQ(B$6:B$105))) | M42: =IF(C42="","",C42/SQRT(SUMSQ(C$6:C$105))) | N42: =IF(D42="","",D42/SQRT(SUMSQ(D$6:D$105))) | O42: =IF(E42="","",E42/SQRT(SUMSQ(E$6:E$105))) | P42: =IF(F42="","",F42/SQRT(SUMSQ(F$6:F$105))) | Q42: =IF(G42="","",G42/SQRT(SUMSQ(G$6:G$105))) | R42: =IF(H42="","",H42/SQRT(SUMSQ(H$6:H$105))) | S42: =IF(I42="","",I42/SQRT(SUMSQ(I$6:I$105))) | T42: =IF(J42="","",J42/SQRT(SUMSQ(J$6:J$105))) | U42: =IF(L42="","",L42*DATA!B4) | V42: =IF(M42="","",M42*DATA!C4) | W42: =IF(N42="","",N42*DATA!D4) | X42: =IF(O42="","",O42*DATA!E4) | Y42: =IF(P42="","",P42*DATA!F4) | Z42: =IF(Q42="","",Q42*DATA!G4) | AA42: =IF(R42="","",R42*DATA!H4) | AB42: =IF(S42="","",S42*DATA!I4) | AC42: =IF(T42="","",T42*DATA!J4) | AD42: =IF(U42="","",SQRT(SUMPRODUCT((U42:AC42-U148:AC148)^2))) | AE42: =IF(U42="","",SQRT(SUMPRODUCT((U42:AC42-U114:AC114)^2))) | AF42: =IF(OR(AD42="",AE42=""),"",AE42/(AD42+AE42))
A43: =IF(DATA!A45="","",DATA!A45) | B43: =IF(DATA!B45="","",DATA!B45) | C43: =IF(DATA!C45="","",DATA!C45) | D43: =IF(DATA!D45="","",DATA!D45) | E43: =IF(DATA!E45="","",DATA!E45) | F43: =IF(DATA!F45="","",DATA!F45) | G43: =IF(DATA!G45="","",DATA!G45) | H43: =IF(DATA!H45="","",DATA!H45) | ... J43: =IF(DATA!J45="","",DATA!J45) | L43: =IF(B43="","",B43/SQRT(SUMSQ(B$6:B$105))) | M43: =IF(C43="","",C43/SQRT(SUMSQ(C$6:C$105))) | N43: =IF(D43="","",D43/SQRT(SUMSQ(D$6:D$105))) | O43: =IF(E43="","",E43/SQRT(SUMSQ(E$6:E$105))) | P43: =IF(F43="","",F43/SQRT(SUMSQ(F$6:F$105))) | Q43: =IF(G43="","",G43/SQRT(SUMSQ(G$6:G$105))) | R43: =IF(H43="","",H43/SQRT(SUMSQ(H$6:H$105))) | S43: =IF(I43="","",I43/SQRT(SUMSQ(I$6:I$105))) | T43: =IF(J43="","",J43/SQRT(SUMSQ(J$6:J$105))) | U43: =IF(L43="","",L43*DATA!B4) | V43: =IF(M43="","",M43*DATA!C4) | W43: =IF(N43="","",N43*DATA!D4) | X43: =IF(O43="","",O43*DATA!E4) | Y43: =IF(P43="","",P43*DATA!F4) | Z43: =IF(Q43="","",Q43*DATA!G4) | AA43: =IF(R43="","",R43*DATA!H4) | AB43: =IF(S43="","",S43*DATA!I4) | AC43: =IF(T43="","",T43*DATA!J4) | AD43: =IF(U43="","",SQRT(SUMPRODUCT((U43:AC43-U149:AC149)^2))) | AE43: =IF(U43="","",SQRT(SUMPRODUCT((U43:AC43-U114:AC114)^2))) | AF43: =IF(OR(AD43="",AE43=""),"",AE43/(AD43+AE43))
A44: =IF(DATA!A46="","",DATA!A46) | B44: =IF(DATA!B46="","",DATA!B46) | C44: =IF(DATA!C46="","",DATA!C46) | D44: =IF(DATA!D46="","",DATA!D46) | E44: =IF(DATA!E46="","",DATA!E46) | F44: =IF(DATA!F46="","",DATA!F46) | G44: =IF(DATA!G46="","",DATA!G46) | H44: =IF(DATA!H46="","",DATA!H46) | ... J44: =IF(DATA!J46="","",DATA!J46) | L44: =IF(B44="","",B44/SQRT(SUMSQ(B$6:B$105))) | M44: =IF(C44="","",C44/SQRT(SUMSQ(C$6:C$105))) | N44: =IF(D44="","",D44/SQRT(SUMSQ(D$6:D$105))) | O44: =IF(E44="","",E44/SQRT(SUMSQ(E$6:E$105))) | P44: =IF(F44="","",F44/SQRT(SUMSQ(F$6:F$105))) | Q44: =IF(G44="","",G44/SQRT(SUMSQ(G$6:G$105))) | R44: =IF(H44="","",H44/SQRT(SUMSQ(H$6:H$105))) | S44: =IF(I44="","",I44/SQRT(SUMSQ(I$6:I$105))) | T44: =IF(J44="","",J44/SQRT(SUMSQ(J$6:J$105))) | U44: =IF(L44="","",L44*DATA!B4) | V44: =IF(M44="","",M44*DATA!C4) | W44: =IF(N44="","",N44*DATA!D4) | X44: =IF(O44="","",O44*DATA!E4) | Y44: =IF(P44="","",P44*DATA!F4) | Z44: =IF(Q44="","",Q44*DATA!G4) | AA44: =IF(R44="","",R44*DATA!H4) | AB44: =IF(S44="","",S44*DATA!I4) | AC44: =IF(T44="","",T44*DATA!J4) | AD44: =IF(U44="","",SQRT(SUMPRODUCT((U44:AC44-#REF!)^2))) | AE44: =IF(U44="","",SQRT(SUMPRODUCT((U44:AC44-U114:AC114)^2))) | AF44: =IF(OR(AD44="",AE44=""),"",AE44/(AD44+AE44))
A45: =IF(DATA!A47="","",DATA!A47) | B45: =IF(DATA!B47="","",DATA!B47) | C45: =IF(DATA!C47="","",DATA!C47) | D45: =IF(DATA!D47="","",DATA!D47) | E45: =IF(DATA!E47="","",DATA!E47) | F45: =IF(DATA!F47="","",DATA!F47) | G45: =IF(DATA!G47="","",DATA!G47) | H45: =IF(DATA!H47="","",DATA!H47) | ... J45: =IF(DATA!J47="","",DATA!J47) | L45: =IF(B45="","",B45/SQRT(SUMSQ(B$6:B$105))) | M45: =IF(C45="","",C45/SQRT(SUMSQ(C$6:C$105))) | N45: =IF(D45="","",D45/SQRT(SUMSQ(D$6:D$105))) | O45: =IF(E45="","",E45/SQRT(SUMSQ(E$6:E$105))) | P45: =IF(F45="","",F45/SQRT(SUMSQ(F$6:F$105))) | Q45: =IF(G45="","",G45/SQRT(SUMSQ(G$6:G$105))) | R45: =IF(H45="","",H45/SQRT(SUMSQ(H$6:H$105))) | S45: =IF(I45="","",I45/SQRT(SUMSQ(I$6:I$105))) | T45: =IF(J45="","",J45/SQRT(SUMSQ(J$6:J$105))) | U45: =IF(L45="","",L45*DATA!B4) | V45: =IF(M45="","",M45*DATA!C4) | W45: =IF(N45="","",N45*DATA!D4) | X45: =IF(O45="","",O45*DATA!E4) | Y45: =IF(P45="","",P45*DATA!F4) | Z45: =IF(Q45="","",Q45*DATA!G4) | AA45: =IF(R45="","",R45*DATA!H4) | AB45: =IF(S45="","",S45*DATA!I4) | AC45: =IF(T45="","",T45*DATA!J4) | AD45: =IF(U45="","",SQRT(SUMPRODUCT((U45:AC45-#REF!)^2))) | AE45: =IF(U45="","",SQRT(SUMPRODUCT((U45:AC45-U114:AC114)^2))) | AF45: =IF(OR(AD45="",AE45=""),"",AE45/(AD45+AE45))
A46: =IF(DATA!A48="","",DATA!A48) | B46: =IF(DATA!B48="","",DATA!B48) | C46: =IF(DATA!C48="","",DATA!C48) | D46: =IF(DATA!D48="","",DATA!D48) | E46: =IF(DATA!E48="","",DATA!E48) | F46: =IF(DATA!F48="","",DATA!F48) | G46: =IF(DATA!G48="","",DATA!G48) | H46: =IF(DATA!H48="","",DATA!H48) | ... J46: =IF(DATA!J48="","",DATA!J48) | L46: =IF(B46="","",B46/SQRT(SUMSQ(B$6:B$105))) | M46: =IF(C46="","",C46/SQRT(SUMSQ(C$6:C$105))) | N46: =IF(D46="","",D46/SQRT(SUMSQ(D$6:D$105))) | O46: =IF(E46="","",E46/SQRT(SUMSQ(E$6:E$105))) | P46: =IF(F46="","",F46/SQRT(SUMSQ(F$6:F$105))) | Q46: =IF(G46="","",G46/SQRT(SUMSQ(G$6:G$105))) | R46: =IF(H46="","",H46/SQRT(SUMSQ(H$6:H$105))) | S46: =IF(I46="","",I46/SQRT(SUMSQ(I$6:I$105))) | T46: =IF(J46="","",J46/SQRT(SUMSQ(J$6:J$105))) | U46: =IF(L46="","",L46*DATA!B4) | V46: =IF(M46="","",M46*DATA!C4) | W46: =IF(N46="","",N46*DATA!D4) | X46: =IF(O46="","",O46*DATA!E4) | Y46: =IF(P46="","",P46*DATA!F4) | Z46: =IF(Q46="","",Q46*DATA!G4) | AA46: =IF(R46="","",R46*DATA!H4) | AB46: =IF(S46="","",S46*DATA!I4) | AC46: =IF(T46="","",T46*DATA!J4) | AD46: =IF(U46="","",SQRT(SUMPRODUCT((U46:AC46-#REF!)^2))) | AE46: =IF(U46="","",SQRT(SUMPRODUCT((U46:AC46-U114:AC114)^2))) | AF46: =IF(OR(AD46="",AE46=""),"",AE46/(AD46+AE46))
A47: =IF(DATA!A49="","",DATA!A49) | B47: =IF(DATA!B49="","",DATA!B49) | C47: =IF(DATA!C49="","",DATA!C49) | D47: =IF(DATA!D49="","",DATA!D49) | E47: =IF(DATA!E49="","",DATA!E49) | F47: =IF(DATA!F49="","",DATA!F49) | G47: =IF(DATA!G49="","",DATA!G49) | H47: =IF(DATA!H49="","",DATA!H49) | ... J47: =IF(DATA!J49="","",DATA!J49) | L47: =IF(B47="","",B47/SQRT(SUMSQ(B$6:B$105))) | M47: =IF(C47="","",C47/SQRT(SUMSQ(C$6:C$105))) | N47: =IF(D47="","",D47/SQRT(SUMSQ(D$6:D$105))) | O47: =IF(E47="","",E47/SQRT(SUMSQ(E$6:E$105))) | P47: =IF(F47="","",F47/SQRT(SUMSQ(F$6:F$105))) | Q47: =IF(G47="","",G47/SQRT(SUMSQ(G$6:G$105))) | R47: =IF(H47="","",H47/SQRT(SUMSQ(H$6:H$105))) | S47: =IF(I47="","",I47/SQRT(SUMSQ(I$6:I$105))) | T47: =IF(J47="","",J47/SQRT(SUMSQ(J$6:J$105))) | U47: =IF(L47="","",L47*DATA!B4) | V47: =IF(M47="","",M47*DATA!C4) | W47: =IF(N47="","",N47*DATA!D4) | X47: =IF(O47="","",O47*DATA!E4) | Y47: =IF(P47="","",P47*DATA!F4) | Z47: =IF(Q47="","",Q47*DATA!G4) | AA47: =IF(R47="","",R47*DATA!H4) | AB47: =IF(S47="","",S47*DATA!I4) | AC47: =IF(T47="","",T47*DATA!J4) | AD47: =IF(U47="","",SQRT(SUMPRODUCT((U47:AC47-#REF!)^2))) | AE47: =IF(U47="","",SQRT(SUMPRODUCT((U47:AC47-U114:AC114)^2))) | AF47: =IF(OR(AD47="",AE47=""),"",AE47/(AD47+AE47))
A48: =IF(DATA!A50="","",DATA!A50) | B48: =IF(DATA!B50="","",DATA!B50) | C48: =IF(DATA!C50="","",DATA!C50) | D48: =IF(DATA!D50="","",DATA!D50) | E48: =IF(DATA!E50="","",DATA!E50) | F48: =IF(DATA!F50="","",DATA!F50) | G48: =IF(DATA!G50="","",DATA!G50) | H48: =IF(DATA!H50="","",DATA!H50) | ... J48: =IF(DATA!J50="","",DATA!J50) | L48: =IF(B48="","",B48/SQRT(SUMSQ(B$6:B$105))) | M48: =IF(C48="","",C48/SQRT(SUMSQ(C$6:C$105))) | N48: =IF(D48="","",D48/SQRT(SUMSQ(D$6:D$105))) | O48: =IF(E48="","",E48/SQRT(SUMSQ(E$6:E$105))) | P48: =IF(F48="","",F48/SQRT(SUMSQ(F$6:F$105))) | Q48: =IF(G48="","",G48/SQRT(SUMSQ(G$6:G$105))) | R48: =IF(H48="","",H48/SQRT(SUMSQ(H$6:H$105))) | S48: =IF(I48="","",I48/SQRT(SUMSQ(I$6:I$105))) | T48: =IF(J48="","",J48/SQRT(SUMSQ(J$6:J$105))) | U48: =IF(L48="","",L48*DATA!B4) | V48: =IF(M48="","",M48*DATA!C4) | W48: =IF(N48="","",N48*DATA!D4) | X48: =IF(O48="","",O48*DATA!E4) | Y48: =IF(P48="","",P48*DATA!F4) | Z48: =IF(Q48="","",Q48*DATA!G4) | AA48: =IF(R48="","",R48*DATA!H4) | AB48: =IF(S48="","",S48*DATA!I4) | AC48: =IF(T48="","",T48*DATA!J4) | AD48: =IF(U48="","",SQRT(SUMPRODUCT((U48:AC48-#REF!)^2))) | AE48: =IF(U48="","",SQRT(SUMPRODUCT((U48:AC48-U114:AC114)^2))) | AF48: =IF(OR(AD48="",AE48=""),"",AE48/(AD48+AE48))
A49: =IF(DATA!A51="","",DATA!A51) | B49: =IF(DATA!B51="","",DATA!B51) | C49: =IF(DATA!C51="","",DATA!C51) | D49: =IF(DATA!D51="","",DATA!D51) | E49: =IF(DATA!E51="","",DATA!E51) | F49: =IF(DATA!F51="","",DATA!F51) | G49: =IF(DATA!G51="","",DATA!G51) | H49: =IF(DATA!H51="","",DATA!H51) | ... J49: =IF(DATA!J51="","",DATA!J51) | L49: =IF(B49="","",B49/SQRT(SUMSQ(B$6:B$105))) | M49: =IF(C49="","",C49/SQRT(SUMSQ(C$6:C$105))) | N49: =IF(D49="","",D49/SQRT(SUMSQ(D$6:D$105))) | O49: =IF(E49="","",E49/SQRT(SUMSQ(E$6:E$105))) | P49: =IF(F49="","",F49/SQRT(SUMSQ(F$6:F$105))) | Q49: =IF(G49="","",G49/SQRT(SUMSQ(G$6:G$105))) | R49: =IF(H49="","",H49/SQRT(SUMSQ(H$6:H$105))) | S49: =IF(I49="","",I49/SQRT(SUMSQ(I$6:I$105))) | T49: =IF(J49="","",J49/SQRT(SUMSQ(J$6:J$105))) | U49: =IF(L49="","",L49*DATA!B4) | V49: =IF(M49="","",M49*DATA!C4) | W49: =IF(N49="","",N49*DATA!D4) | X49: =IF(O49="","",O49*DATA!E4) | Y49: =IF(P49="","",P49*DATA!F4) | Z49: =IF(Q49="","",Q49*DATA!G4) | AA49: =IF(R49="","",R49*DATA!H4) | AB49: =IF(S49="","",S49*DATA!I4) | AC49: =IF(T49="","",T49*DATA!J4) | AD49: =IF(U49="","",SQRT(SUMPRODUCT((U49:AC49-#REF!)^2))) | AE49: =IF(U49="","",SQRT(SUMPRODUCT((U49:AC49-U114:AC114)^2))) | AF49: =IF(OR(AD49="",AE49=""),"",AE49/(AD49+AE49))
A50: =IF(DATA!A52="","",DATA!A52) | B50: =IF(DATA!B52="","",DATA!B52) | C50: =IF(DATA!C52="","",DATA!C52) | D50: =IF(DATA!D52="","",DATA!D52) | E50: =IF(DATA!E52="","",DATA!E52) | F50: =IF(DATA!F52="","",DATA!F52) | G50: =IF(DATA!G52="","",DATA!G52) | H50: =IF(DATA!H52="","",DATA!H52) | ... J50: =IF(DATA!J52="","",DATA!J52) | L50: =IF(B50="","",B50/SQRT(SUMSQ(B$6:B$105))) | M50: =IF(C50="","",C50/SQRT(SUMSQ(C$6:C$105))) | N50: =IF(D50="","",D50/SQRT(SUMSQ(D$6:D$105))) | O50: =IF(E50="","",E50/SQRT(SUMSQ(E$6:E$105))) | P50: =IF(F50="","",F50/SQRT(SUMSQ(F$6:F$105))) | Q50: =IF(G50="","",G50/SQRT(SUMSQ(G$6:G$105))) | R50: =IF(H50="","",H50/SQRT(SUMSQ(H$6:H$105))) | S50: =IF(I50="","",I50/SQRT(SUMSQ(I$6:I$105))) | T50: =IF(J50="","",J50/SQRT(SUMSQ(J$6:J$105))) | U50: =IF(L50="","",L50*DATA!B4) | V50: =IF(M50="","",M50*DATA!C4) | W50: =IF(N50="","",N50*DATA!D4) | X50: =IF(O50="","",O50*DATA!E4) | Y50: =IF(P50="","",P50*DATA!F4) | Z50: =IF(Q50="","",Q50*DATA!G4) | AA50: =IF(R50="","",R50*DATA!H4) | AB50: =IF(S50="","",S50*DATA!I4) | AC50: =IF(T50="","",T50*DATA!J4) | AD50: =IF(U50="","",SQRT(SUMPRODUCT((U50:AC50-#REF!)^2))) | AE50: =IF(U50="","",SQRT(SUMPRODUCT((U50:AC50-U114:AC114)^2))) | AF50: =IF(OR(AD50="",AE50=""),"",AE50/(AD50+AE50))
A51: =IF(DATA!A53="","",DATA!A53) | B51: =IF(DATA!B53="","",DATA!B53) | C51: =IF(DATA!C53="","",DATA!C53) | D51: =IF(DATA!D53="","",DATA!D53) | E51: =IF(DATA!E53="","",DATA!E53) | F51: =IF(DATA!F53="","",DATA!F53) | G51: =IF(DATA!G53="","",DATA!G53) | H51: =IF(DATA!H53="","",DATA!H53) | ... J51: =IF(DATA!J53="","",DATA!J53) | L51: =IF(B51="","",B51/SQRT(SUMSQ(B$6:B$105))) | M51: =IF(C51="","",C51/SQRT(SUMSQ(C$6:C$105))) | N51: =IF(D51="","",D51/SQRT(SUMSQ(D$6:D$105))) | O51: =IF(E51="","",E51/SQRT(SUMSQ(E$6:E$105))) | P51: =IF(F51="","",F51/SQRT(SUMSQ(F$6:F$105))) | Q51: =IF(G51="","",G51/SQRT(SUMSQ(G$6:G$105))) | R51: =IF(H51="","",H51/SQRT(SUMSQ(H$6:H$105))) | S51: =IF(I51="","",I51/SQRT(SUMSQ(I$6:I$105))) | T51: =IF(J51="","",J51/SQRT(SUMSQ(J$6:J$105))) | U51: =IF(L51="","",L51*DATA!B4) | V51: =IF(M51="","",M51*DATA!C4) | W51: =IF(N51="","",N51*DATA!D4) | X51: =IF(O51="","",O51*DATA!E4) | Y51: =IF(P51="","",P51*DATA!F4) | Z51: =IF(Q51="","",Q51*DATA!G4) | AA51: =IF(R51="","",R51*DATA!H4) | AB51: =IF(S51="","",S51*DATA!I4) | AC51: =IF(T51="","",T51*DATA!J4) | AD51: =IF(U51="","",SQRT(SUMPRODUCT((U51:AC51-#REF!)^2))) | AE51: =IF(U51="","",SQRT(SUMPRODUCT((U51:AC51-U114:AC114)^2))) | AF51: =IF(OR(AD51="",AE51=""),"",AE51/(AD51+AE51))
A52: =IF(DATA!A54="","",DATA!A54) | B52: =IF(DATA!B54="","",DATA!B54) | C52: =IF(DATA!C54="","",DATA!C54) | D52: =IF(DATA!D54="","",DATA!D54) | E52: =IF(DATA!E54="","",DATA!E54) | F52: =IF(DATA!F54="","",DATA!F54) | G52: =IF(DATA!G54="","",DATA!G54) | H52: =IF(DATA!H54="","",DATA!H54) | ... J52: =IF(DATA!J54="","",DATA!J54) | L52: =IF(B52="","",B52/SQRT(SUMSQ(B$6:B$105))) | M52: =IF(C52="","",C52/SQRT(SUMSQ(C$6:C$105))) | N52: =IF(D52="","",D52/SQRT(SUMSQ(D$6:D$105))) | O52: =IF(E52="","",E52/SQRT(SUMSQ(E$6:E$105))) | P52: =IF(F52="","",F52/SQRT(SUMSQ(F$6:F$105))) | Q52: =IF(G52="","",G52/SQRT(SUMSQ(G$6:G$105))) | R52: =IF(H52="","",H52/SQRT(SUMSQ(H$6:H$105))) | S52: =IF(I52="","",I52/SQRT(SUMSQ(I$6:I$105))) | T52: =IF(J52="","",J52/SQRT(SUMSQ(J$6:J$105))) | U52: =IF(L52="","",L52*DATA!B4) | V52: =IF(M52="","",M52*DATA!C4) | W52: =IF(N52="","",N52*DATA!D4) | X52: =IF(O52="","",O52*DATA!E4) | Y52: =IF(P52="","",P52*DATA!F4) | Z52: =IF(Q52="","",Q52*DATA!G4) | AA52: =IF(R52="","",R52*DATA!H4) | AB52: =IF(S52="","",S52*DATA!I4) | AC52: =IF(T52="","",T52*DATA!J4) | AD52: =IF(U52="","",SQRT(SUMPRODUCT((U52:AC52-#REF!)^2))) | AE52: =IF(U52="","",SQRT(SUMPRODUCT((U52:AC52-U114:AC114)^2))) | AF52: =IF(OR(AD52="",AE52=""),"",AE52/(AD52+AE52))
A53: =IF(DATA!A55="","",DATA!A55) | B53: =IF(DATA!B55="","",DATA!B55) | C53: =IF(DATA!C55="","",DATA!C55) | D53: =IF(DATA!D55="","",DATA!D55) | E53: =IF(DATA!E55="","",DATA!E55) | F53: =IF(DATA!F55="","",DATA!F55) | G53: =IF(DATA!G55="","",DATA!G55) | H53: =IF(DATA!H55="","",DATA!H55) | ... J53: =IF(DATA!J55="","",DATA!J55) | L53: =IF(B53="","",B53/SQRT(SUMSQ(B$6:B$105))) | M53: =IF(C53="","",C53/SQRT(SUMSQ(C$6:C$105))) | N53: =IF(D53="","",D53/SQRT(SUMSQ(D$6:D$105))) | O53: =IF(E53="","",E53/SQRT(SUMSQ(E$6:E$105))) | P53: =IF(F53="","",F53/SQRT(SUMSQ(F$6:F$105))) | Q53: =IF(G53="","",G53/SQRT(SUMSQ(G$6:G$105))) | R53: =IF(H53="","",H53/SQRT(SUMSQ(H$6:H$105))) | S53: =IF(I53="","",I53/SQRT(SUMSQ(I$6:I$105))) | T53: =IF(J53="","",J53/SQRT(SUMSQ(J$6:J$105))) | U53: =IF(L53="","",L53*DATA!B4) | V53: =IF(M53="","",M53*DATA!C4) | W53: =IF(N53="","",N53*DATA!D4) | X53: =IF(O53="","",O53*DATA!E4) | Y53: =IF(P53="","",P53*DATA!F4) | Z53: =IF(Q53="","",Q53*DATA!G4) | AA53: =IF(R53="","",R53*DATA!H4) | AB53: =IF(S53="","",S53*DATA!I4) | AC53: =IF(T53="","",T53*DATA!J4) | AD53: =IF(U53="","",SQRT(SUMPRODUCT((U53:AC53-#REF!)^2))) | AE53: =IF(U53="","",SQRT(SUMPRODUCT((U53:AC53-U114:AC114)^2))) | AF53: =IF(OR(AD53="",AE53=""),"",AE53/(AD53+AE53))
A54: =IF(DATA!A56="","",DATA!A56) | B54: =IF(DATA!B56="","",DATA!B56) | C54: =IF(DATA!C56="","",DATA!C56) | D54: =IF(DATA!D56="","",DATA!D56) | E54: =IF(DATA!E56="","",DATA!E56) | F54: =IF(DATA!F56="","",DATA!F56) | G54: =IF(DATA!G56="","",DATA!G56) | H54: =IF(DATA!H56="","",DATA!H56) | ... J54: =IF(DATA!J56="","",DATA!J56) | L54: =IF(B54="","",B54/SQRT(SUMSQ(B$6:B$105))) | M54: =IF(C54="","",C54/SQRT(SUMSQ(C$6:C$105))) | N54: =IF(D54="","",D54/SQRT(SUMSQ(D$6:D$105))) | O54: =IF(E54="","",E54/SQRT(SUMSQ(E$6:E$105))) | P54: =IF(F54="","",F54/SQRT(SUMSQ(F$6:F$105))) | Q54: =IF(G54="","",G54/SQRT(SUMSQ(G$6:G$105))) | R54: =IF(H54="","",H54/SQRT(SUMSQ(H$6:H$105))) | S54: =IF(I54="","",I54/SQRT(SUMSQ(I$6:I$105))) | T54: =IF(J54="","",J54/SQRT(SUMSQ(J$6:J$105))) | U54: =IF(L54="","",L54*DATA!B4) | V54: =IF(M54="","",M54*DATA!C4) | W54: =IF(N54="","",N54*DATA!D4) | X54: =IF(O54="","",O54*DATA!E4) | Y54: =IF(P54="","",P54*DATA!F4) | Z54: =IF(Q54="","",Q54*DATA!G4) | AA54: =IF(R54="","",R54*DATA!H4) | AB54: =IF(S54="","",S54*DATA!I4) | AC54: =IF(T54="","",T54*DATA!J4) | AD54: =IF(U54="","",SQRT(SUMPRODUCT((U54:AC54-#REF!)^2))) | AE54: =IF(U54="","",SQRT(SUMPRODUCT((U54:AC54-U114:AC114)^2))) | AF54: =IF(OR(AD54="",AE54=""),"",AE54/(AD54+AE54))
A55: =IF(DATA!A57="","",DATA!A57) | B55: =IF(DATA!B57="","",DATA!B57) | C55: =IF(DATA!C57="","",DATA!C57) | D55: =IF(DATA!D57="","",DATA!D57) | E55: =IF(DATA!E57="","",DATA!E57) | F55: =IF(DATA!F57="","",DATA!F57) | G55: =IF(DATA!G57="","",DATA!G57) | H55: =IF(DATA!H57="","",DATA!H57) | ... J55: =IF(DATA!J57="","",DATA!J57) | L55: =IF(B55="","",B55/SQRT(SUMSQ(B$6:B$105))) | M55: =IF(C55="","",C55/SQRT(SUMSQ(C$6:C$105))) | N55: =IF(D55="","",D55/SQRT(SUMSQ(D$6:D$105))) | O55: =IF(E55="","",E55/SQRT(SUMSQ(E$6:E$105))) | P55: =IF(F55="","",F55/SQRT(SUMSQ(F$6:F$105))) | Q55: =IF(G55="","",G55/SQRT(SUMSQ(G$6:G$105))) | R55: =IF(H55="","",H55/SQRT(SUMSQ(H$6:H$105))) | S55: =IF(I55="","",I55/SQRT(SUMSQ(I$6:I$105))) | T55: =IF(J55="","",J55/SQRT(SUMSQ(J$6:J$105))) | U55: =IF(L55="","",L55*DATA!B4) | V55: =IF(M55="","",M55*DATA!C4) | W55: =IF(N55="","",N55*DATA!D4) | X55: =IF(O55="","",O55*DATA!E4) | Y55: =IF(P55="","",P55*DATA!F4) | Z55: =IF(Q55="","",Q55*DATA!G4) | AA55: =IF(R55="","",R55*DATA!H4) | AB55: =IF(S55="","",S55*DATA!I4) | AC55: =IF(T55="","",T55*DATA!J4) | AD55: =IF(U55="","",SQRT(SUMPRODUCT((U55:AC55-#REF!)^2))) | AE55: =IF(U55="","",SQRT(SUMPRODUCT((U55:AC55-U114:AC114)^2))) | AF55: =IF(OR(AD55="",AE55=""),"",AE55/(AD55+AE55))
A56: =IF(DATA!A58="","",DATA!A58) | B56: =IF(DATA!B58="","",DATA!B58) | C56: =IF(DATA!C58="","",DATA!C58) | D56: =IF(DATA!D58="","",DATA!D58) | E56: =IF(DATA!E58="","",DATA!E58) | F56: =IF(DATA!F58="","",DATA!F58) | G56: =IF(DATA!G58="","",DATA!G58) | H56: =IF(DATA!H58="","",DATA!H58) | ... J56: =IF(DATA!J58="","",DATA!J58) | L56: =IF(B56="","",B56/SQRT(SUMSQ(B$6:B$105))) | M56: =IF(C56="","",C56/SQRT(SUMSQ(C$6:C$105))) | N56: =IF(D56="","",D56/SQRT(SUMSQ(D$6:D$105))) | O56: =IF(E56="","",E56/SQRT(SUMSQ(E$6:E$105))) | P56: =IF(F56="","",F56/SQRT(SUMSQ(F$6:F$105))) | Q56: =IF(G56="","",G56/SQRT(SUMSQ(G$6:G$105))) | R56: =IF(H56="","",H56/SQRT(SUMSQ(H$6:H$105))) | S56: =IF(I56="","",I56/SQRT(SUMSQ(I$6:I$105))) | T56: =IF(J56="","",J56/SQRT(SUMSQ(J$6:J$105))) | U56: =IF(L56="","",L56*DATA!B4) | V56: =IF(M56="","",M56*DATA!C4) | W56: =IF(N56="","",N56*DATA!D4) | X56: =IF(O56="","",O56*DATA!E4) | Y56: =IF(P56="","",P56*DATA!F4) | Z56: =IF(Q56="","",Q56*DATA!G4) | AA56: =IF(R56="","",R56*DATA!H4) | AB56: =IF(S56="","",S56*DATA!I4) | AC56: =IF(T56="","",T56*DATA!J4) | AD56: =IF(U56="","",SQRT(SUMPRODUCT((U56:AC56-#REF!)^2))) | AE56: =IF(U56="","",SQRT(SUMPRODUCT((U56:AC56-U114:AC114)^2))) | AF56: =IF(OR(AD56="",AE56=""),"",AE56/(AD56+AE56))
A57: =IF(DATA!A59="","",DATA!A59) | B57: =IF(DATA!B59="","",DATA!B59) | C57: =IF(DATA!C59="","",DATA!C59) | D57: =IF(DATA!D59="","",DATA!D59) | E57: =IF(DATA!E59="","",DATA!E59) | F57: =IF(DATA!F59="","",DATA!F59) | G57: =IF(DATA!G59="","",DATA!G59) | H57: =IF(DATA!H59="","",DATA!H59) | ... J57: =IF(DATA!J59="","",DATA!J59) | L57: =IF(B57="","",B57/SQRT(SUMSQ(B$6:B$105))) | M57: =IF(C57="","",C57/SQRT(SUMSQ(C$6:C$105))) | N57: =IF(D57="","",D57/SQRT(SUMSQ(D$6:D$105))) | O57: =IF(E57="","",E57/SQRT(SUMSQ(E$6:E$105))) | P57: =IF(F57="","",F57/SQRT(SUMSQ(F$6:F$105))) | Q57: =IF(G57="","",G57/SQRT(SUMSQ(G$6:G$105))) | R57: =IF(H57="","",H57/SQRT(SUMSQ(H$6:H$105))) | S57: =IF(I57="","",I57/SQRT(SUMSQ(I$6:I$105))) | T57: =IF(J57="","",J57/SQRT(SUMSQ(J$6:J$105))) | U57: =IF(L57="","",L57*DATA!B4) | V57: =IF(M57="","",M57*DATA!C4) | W57: =IF(N57="","",N57*DATA!D4) | X57: =IF(O57="","",O57*DATA!E4) | Y57: =IF(P57="","",P57*DATA!F4) | Z57: =IF(Q57="","",Q57*DATA!G4) | AA57: =IF(R57="","",R57*DATA!H4) | AB57: =IF(S57="","",S57*DATA!I4) | AC57: =IF(T57="","",T57*DATA!J4) | AD57: =IF(U57="","",SQRT(SUMPRODUCT((U57:AC57-#REF!)^2))) | AE57: =IF(U57="","",SQRT(SUMPRODUCT((U57:AC57-U114:AC114)^2))) | AF57: =IF(OR(AD57="",AE57=""),"",AE57/(AD57+AE57))
A58: =IF(DATA!A60="","",DATA!A60) | B58: =IF(DATA!B60="","",DATA!B60) | C58: =IF(DATA!C60="","",DATA!C60) | D58: =IF(DATA!D60="","",DATA!D60) | E58: =IF(DATA!E60="","",DATA!E60) | F58: =IF(DATA!F60="","",DATA!F60) | G58: =IF(DATA!G60="","",DATA!G60) | H58: =IF(DATA!H60="","",DATA!H60) | ... J58: =IF(DATA!J60="","",DATA!J60) | L58: =IF(B58="","",B58/SQRT(SUMSQ(B$6:B$105))) | M58: =IF(C58="","",C58/SQRT(SUMSQ(C$6:C$105))) | N58: =IF(D58="","",D58/SQRT(SUMSQ(D$6:D$105))) | O58: =IF(E58="","",E58/SQRT(SUMSQ(E$6:E$105))) | P58: =IF(F58="","",F58/SQRT(SUMSQ(F$6:F$105))) | Q58: =IF(G58="","",G58/SQRT(SUMSQ(G$6:G$105))) | R58: =IF(H58="","",H58/SQRT(SUMSQ(H$6:H$105))) | S58: =IF(I58="","",I58/SQRT(SUMSQ(I$6:I$105))) | T58: =IF(J58="","",J58/SQRT(SUMSQ(J$6:J$105))) | U58: =IF(L58="","",L58*DATA!B4) | V58: =IF(M58="","",M58*DATA!C4) | W58: =IF(N58="","",N58*DATA!D4) | X58: =IF(O58="","",O58*DATA!E4) | Y58: =IF(P58="","",P58*DATA!F4) | Z58: =IF(Q58="","",Q58*DATA!G4) | AA58: =IF(R58="","",R58*DATA!H4) | AB58: =IF(S58="","",S58*DATA!I4) | AC58: =IF(T58="","",T58*DATA!J4) | AD58: =IF(U58="","",SQRT(SUMPRODUCT((U58:AC58-#REF!)^2))) | AE58: =IF(U58="","",SQRT(SUMPRODUCT((U58:AC58-U114:AC114)^2))) | AF58: =IF(OR(AD58="",AE58=""),"",AE58/(AD58+AE58))
A59: =IF(DATA!A61="","",DATA!A61) | B59: =IF(DATA!B61="","",DATA!B61) | C59: =IF(DATA!C61="","",DATA!C61) | D59: =IF(DATA!D61="","",DATA!D61) | E59: =IF(DATA!E61="","",DATA!E61) | F59: =IF(DATA!F61="","",DATA!F61) | G59: =IF(DATA!G61="","",DATA!G61) | H59: =IF(DATA!H61="","",DATA!H61) | ... J59: =IF(DATA!J61="","",DATA!J61) | L59: =IF(B59="","",B59/SQRT(SUMSQ(B$6:B$105))) | M59: =IF(C59="","",C59/SQRT(SUMSQ(C$6:C$105))) | N59: =IF(D59="","",D59/SQRT(SUMSQ(D$6:D$105))) | O59: =IF(E59="","",E59/SQRT(SUMSQ(E$6:E$105))) | P59: =IF(F59="","",F59/SQRT(SUMSQ(F$6:F$105))) | Q59: =IF(G59="","",G59/SQRT(SUMSQ(G$6:G$105))) | R59: =IF(H59="","",H59/SQRT(SUMSQ(H$6:H$105))) | S59: =IF(I59="","",I59/SQRT(SUMSQ(I$6:I$105))) | T59: =IF(J59="","",J59/SQRT(SUMSQ(J$6:J$105))) | U59: =IF(L59="","",L59*DATA!B4) | V59: =IF(M59="","",M59*DATA!C4) | W59: =IF(N59="","",N59*DATA!D4) | X59: =IF(O59="","",O59*DATA!E4) | Y59: =IF(P59="","",P59*DATA!F4) | Z59: =IF(Q59="","",Q59*DATA!G4) | AA59: =IF(R59="","",R59*DATA!H4) | AB59: =IF(S59="","",S59*DATA!I4) | AC59: =IF(T59="","",T59*DATA!J4) | AD59: =IF(U59="","",SQRT(SUMPRODUCT((U59:AC59-#REF!)^2))) | AE59: =IF(U59="","",SQRT(SUMPRODUCT((U59:AC59-U114:AC114)^2))) | AF59: =IF(OR(AD59="",AE59=""),"",AE59/(AD59+AE59))
A60: =IF(DATA!A62="","",DATA!A62) | B60: =IF(DATA!B62="","",DATA!B62) | C60: =IF(DATA!C62="","",DATA!C62) | D60: =IF(DATA!D62="","",DATA!D62) | E60: =IF(DATA!E62="","",DATA!E62) | F60: =IF(DATA!F62="","",DATA!F62) | G60: =IF(DATA!G62="","",DATA!G62) | H60: =IF(DATA!H62="","",DATA!H62) | ... J60: =IF(DATA!J62="","",DATA!J62) | L60: =IF(B60="","",B60/SQRT(SUMSQ(B$6:B$105))) | M60: =IF(C60="","",C60/SQRT(SUMSQ(C$6:C$105))) | N60: =IF(D60="","",D60/SQRT(SUMSQ(D$6:D$105))) | O60: =IF(E60="","",E60/SQRT(SUMSQ(E$6:E$105))) | P60: =IF(F60="","",F60/SQRT(SUMSQ(F$6:F$105))) | Q60: =IF(G60="","",G60/SQRT(SUMSQ(G$6:G$105))) | R60: =IF(H60="","",H60/SQRT(SUMSQ(H$6:H$105))) | S60: =IF(I60="","",I60/SQRT(SUMSQ(I$6:I$105))) | T60: =IF(J60="","",J60/SQRT(SUMSQ(J$6:J$105))) | U60: =IF(L60="","",L60*DATA!B4) | V60: =IF(M60="","",M60*DATA!C4) | W60: =IF(N60="","",N60*DATA!D4) | X60: =IF(O60="","",O60*DATA!E4) | Y60: =IF(P60="","",P60*DATA!F4) | Z60: =IF(Q60="","",Q60*DATA!G4) | AA60: =IF(R60="","",R60*DATA!H4) | AB60: =IF(S60="","",S60*DATA!I4) | AC60: =IF(T60="","",T60*DATA!J4) | AD60: =IF(U60="","",SQRT(SUMPRODUCT((U60:AC60-#REF!)^2))) | AE60: =IF(U60="","",SQRT(SUMPRODUCT((U60:AC60-U114:AC114)^2))) | AF60: =IF(OR(AD60="",AE60=""),"",AE60/(AD60+AE60))
A61: =IF(DATA!A63="","",DATA!A63) | B61: =IF(DATA!B63="","",DATA!B63) | C61: =IF(DATA!C63="","",DATA!C63) | D61: =IF(DATA!D63="","",DATA!D63) | E61: =IF(DATA!E63="","",DATA!E63) | F61: =IF(DATA!F63="","",DATA!F63) | G61: =IF(DATA!G63="","",DATA!G63) | H61: =IF(DATA!H63="","",DATA!H63) | ... J61: =IF(DATA!J63="","",DATA!J63) | L61: =IF(B61="","",B61/SQRT(SUMSQ(B$6:B$105))) | M61: =IF(C61="","",C61/SQRT(SUMSQ(C$6:C$105))) | N61: =IF(D61="","",D61/SQRT(SUMSQ(D$6:D$105))) | O61: =IF(E61="","",E61/SQRT(SUMSQ(E$6:E$105))) | P61: =IF(F61="","",F61/SQRT(SUMSQ(F$6:F$105))) | Q61: =IF(G61="","",G61/SQRT(SUMSQ(G$6:G$105))) | R61: =IF(H61="","",H61/SQRT(SUMSQ(H$6:H$105))) | S61: =IF(I61="","",I61/SQRT(SUMSQ(I$6:I$105))) | T61: =IF(J61="","",J61/SQRT(SUMSQ(J$6:J$105))) | U61: =IF(L61="","",L61*DATA!B4) | V61: =IF(M61="","",M61*DATA!C4) | W61: =IF(N61="","",N61*DATA!D4) | X61: =IF(O61="","",O61*DATA!E4) | Y61: =IF(P61="","",P61*DATA!F4) | Z61: =IF(Q61="","",Q61*DATA!G4) | AA61: =IF(R61="","",R61*DATA!H4) | AB61: =IF(S61="","",S61*DATA!I4) | AC61: =IF(T61="","",T61*DATA!J4) | AD61: =IF(U61="","",SQRT(SUMPRODUCT((U61:AC61-#REF!)^2))) | AE61: =IF(U61="","",SQRT(SUMPRODUCT((U61:AC61-U114:AC114)^2))) | AF61: =IF(OR(AD61="",AE61=""),"",AE61/(AD61+AE61))
A62: =IF(DATA!A64="","",DATA!A64) | B62: =IF(DATA!B64="","",DATA!B64) | C62: =IF(DATA!C64="","",DATA!C64) | D62: =IF(DATA!D64="","",DATA!D64) | E62: =IF(DATA!E64="","",DATA!E64) | F62: =IF(DATA!F64="","",DATA!F64) | G62: =IF(DATA!G64="","",DATA!G64) | H62: =IF(DATA!H64="","",DATA!H64) | ... J62: =IF(DATA!J64="","",DATA!J64) | L62: =IF(B62="","",B62/SQRT(SUMSQ(B$6:B$105))) | M62: =IF(C62="","",C62/SQRT(SUMSQ(C$6:C$105))) | N62: =IF(D62="","",D62/SQRT(SUMSQ(D$6:D$105))) | O62: =IF(E62="","",E62/SQRT(SUMSQ(E$6:E$105))) | P62: =IF(F62="","",F62/SQRT(SUMSQ(F$6:F$105))) | Q62: =IF(G62="","",G62/SQRT(SUMSQ(G$6:G$105))) | R62: =IF(H62="","",H62/SQRT(SUMSQ(H$6:H$105))) | S62: =IF(I62="","",I62/SQRT(SUMSQ(I$6:I$105))) | T62: =IF(J62="","",J62/SQRT(SUMSQ(J$6:J$105))) | U62: =IF(L62="","",L62*DATA!B4) | V62: =IF(M62="","",M62*DATA!C4) | W62: =IF(N62="","",N62*DATA!D4) | X62: =IF(O62="","",O62*DATA!E4) | Y62: =IF(P62="","",P62*DATA!F4) | Z62: =IF(Q62="","",Q62*DATA!G4) | AA62: =IF(R62="","",R62*DATA!H4) | AB62: =IF(S62="","",S62*DATA!I4) | AC62: =IF(T62="","",T62*DATA!J4) | AD62: =IF(U62="","",SQRT(SUMPRODUCT((U62:AC62-#REF!)^2))) | AE62: =IF(U62="","",SQRT(SUMPRODUCT((U62:AC62-U114:AC114)^2))) | AF62: =IF(OR(AD62="",AE62=""),"",AE62/(AD62+AE62))
A63: =IF(DATA!A65="","",DATA!A65) | B63: =IF(DATA!B65="","",DATA!B65) | C63: =IF(DATA!C65="","",DATA!C65) | D63: =IF(DATA!D65="","",DATA!D65) | E63: =IF(DATA!E65="","",DATA!E65) | F63: =IF(DATA!F65="","",DATA!F65) | G63: =IF(DATA!G65="","",DATA!G65) | H63: =IF(DATA!H65="","",DATA!H65) | ... J63: =IF(DATA!J65="","",DATA!J65) | L63: =IF(B63="","",B63/SQRT(SUMSQ(B$6:B$105))) | M63: =IF(C63="","",C63/SQRT(SUMSQ(C$6:C$105))) | N63: =IF(D63="","",D63/SQRT(SUMSQ(D$6:D$105))) | O63: =IF(E63="","",E63/SQRT(SUMSQ(E$6:E$105))) | P63: =IF(F63="","",F63/SQRT(SUMSQ(F$6:F$105))) | Q63: =IF(G63="","",G63/SQRT(SUMSQ(G$6:G$105))) | R63: =IF(H63="","",H63/SQRT(SUMSQ(H$6:H$105))) | S63: =IF(I63="","",I63/SQRT(SUMSQ(I$6:I$105))) | T63: =IF(J63="","",J63/SQRT(SUMSQ(J$6:J$105))) | U63: =IF(L63="","",L63*DATA!B4) | V63: =IF(M63="","",M63*DATA!C4) | W63: =IF(N63="","",N63*DATA!D4) | X63: =IF(O63="","",O63*DATA!E4) | Y63: =IF(P63="","",P63*DATA!F4) | Z63: =IF(Q63="","",Q63*DATA!G4) | AA63: =IF(R63="","",R63*DATA!H4) | AB63: =IF(S63="","",S63*DATA!I4) | AC63: =IF(T63="","",T63*DATA!J4) | AD63: =IF(U63="","",SQRT(SUMPRODUCT((U63:AC63-#REF!)^2))) | AE63: =IF(U63="","",SQRT(SUMPRODUCT((U63:AC63-U114:AC114)^2))) | AF63: =IF(OR(AD63="",AE63=""),"",AE63/(AD63+AE63))
A64: =IF(DATA!A66="","",DATA!A66) | B64: =IF(DATA!B66="","",DATA!B66) | C64: =IF(DATA!C66="","",DATA!C66) | D64: =IF(DATA!D66="","",DATA!D66) | E64: =IF(DATA!E66="","",DATA!E66) | F64: =IF(DATA!F66="","",DATA!F66) | G64: =IF(DATA!G66="","",DATA!G66) | H64: =IF(DATA!H66="","",DATA!H66) | ... J64: =IF(DATA!J66="","",DATA!J66) | L64: =IF(B64="","",B64/SQRT(SUMSQ(B$6:B$105))) | M64: =IF(C64="","",C64/SQRT(SUMSQ(C$6:C$105))) | N64: =IF(D64="","",D64/SQRT(SUMSQ(D$6:D$105))) | O64: =IF(E64="","",E64/SQRT(SUMSQ(E$6:E$105))) | P64: =IF(F64="","",F64/SQRT(SUMSQ(F$6:F$105))) | Q64: =IF(G64="","",G64/SQRT(SUMSQ(G$6:G$105))) | R64: =IF(H64="","",H64/SQRT(SUMSQ(H$6:H$105))) | S64: =IF(I64="","",I64/SQRT(SUMSQ(I$6:I$105))) | T64: =IF(J64="","",J64/SQRT(SUMSQ(J$6:J$105))) | U64: =IF(L64="","",L64*DATA!B4) | V64: =IF(M64="","",M64*DATA!C4) | W64: =IF(N64="","",N64*DATA!D4) | X64: =IF(O64="","",O64*DATA!E4) | Y64: =IF(P64="","",P64*DATA!F4) | Z64: =IF(Q64="","",Q64*DATA!G4) | AA64: =IF(R64="","",R64*DATA!H4) | AB64: =IF(S64="","",S64*DATA!I4) | AC64: =IF(T64="","",T64*DATA!J4) | AD64: =IF(U64="","",SQRT(SUMPRODUCT((U64:AC64-#REF!)^2))) | AE64: =IF(U64="","",SQRT(SUMPRODUCT((U64:AC64-U114:AC114)^2))) | AF64: =IF(OR(AD64="",AE64=""),"",AE64/(AD64+AE64))
A65: =IF(DATA!A67="","",DATA!A67) | B65: =IF(DATA!B67="","",DATA!B67) | C65: =IF(DATA!C67="","",DATA!C67) | D65: =IF(DATA!D67="","",DATA!D67) | E65: =IF(DATA!E67="","",DATA!E67) | F65: =IF(DATA!F67="","",DATA!F67) | G65: =IF(DATA!G67="","",DATA!G67) | H65: =IF(DATA!H67="","",DATA!H67) | ... J65: =IF(DATA!J67="","",DATA!J67) | L65: =IF(B65="","",B65/SQRT(SUMSQ(B$6:B$105))) | M65: =IF(C65="","",C65/SQRT(SUMSQ(C$6:C$105))) | N65: =IF(D65="","",D65/SQRT(SUMSQ(D$6:D$105))) | O65: =IF(E65="","",E65/SQRT(SUMSQ(E$6:E$105))) | P65: =IF(F65="","",F65/SQRT(SUMSQ(F$6:F$105))) | Q65: =IF(G65="","",G65/SQRT(SUMSQ(G$6:G$105))) | R65: =IF(H65="","",H65/SQRT(SUMSQ(H$6:H$105))) | S65: =IF(I65="","",I65/SQRT(SUMSQ(I$6:I$105))) | T65: =IF(J65="","",J65/SQRT(SUMSQ(J$6:J$105))) | U65: =IF(L65="","",L65*DATA!B4) | V65: =IF(M65="","",M65*DATA!C4) | W65: =IF(N65="","",N65*DATA!D4) | X65: =IF(O65="","",O65*DATA!E4) | Y65: =IF(P65="","",P65*DATA!F4) | Z65: =IF(Q65="","",Q65*DATA!G4) | AA65: =IF(R65="","",R65*DATA!H4) | AB65: =IF(S65="","",S65*DATA!I4) | AC65: =IF(T65="","",T65*DATA!J4) | AD65: =IF(U65="","",SQRT(SUMPRODUCT((U65:AC65-#REF!)^2))) | AE65: =IF(U65="","",SQRT(SUMPRODUCT((U65:AC65-U114:AC114)^2))) | AF65: =IF(OR(AD65="",AE65=""),"",AE65/(AD65+AE65))
A66: =IF(DATA!A68="","",DATA!A68) | B66: =IF(DATA!B68="","",DATA!B68) | C66: =IF(DATA!C68="","",DATA!C68) | D66: =IF(DATA!D68="","",DATA!D68) | E66: =IF(DATA!E68="","",DATA!E68) | F66: =IF(DATA!F68="","",DATA!F68) | G66: =IF(DATA!G68="","",DATA!G68) | H66: =IF(DATA!H68="","",DATA!H68) | ... J66: =IF(DATA!J68="","",DATA!J68) | L66: =IF(B66="","",B66/SQRT(SUMSQ(B$6:B$105))) | M66: =IF(C66="","",C66/SQRT(SUMSQ(C$6:C$105))) | N66: =IF(D66="","",D66/SQRT(SUMSQ(D$6:D$105))) | O66: =IF(E66="","",E66/SQRT(SUMSQ(E$6:E$105))) | P66: =IF(F66="","",F66/SQRT(SUMSQ(F$6:F$105))) | Q66: =IF(G66="","",G66/SQRT(SUMSQ(G$6:G$105))) | R66: =IF(H66="","",H66/SQRT(SUMSQ(H$6:H$105))) | S66: =IF(I66="","",I66/SQRT(SUMSQ(I$6:I$105))) | T66: =IF(J66="","",J66/SQRT(SUMSQ(J$6:J$105))) | U66: =IF(L66="","",L66*DATA!B4) | V66: =IF(M66="","",M66*DATA!C4) | W66: =IF(N66="","",N66*DATA!D4) | X66: =IF(O66="","",O66*DATA!E4) | Y66: =IF(P66="","",P66*DATA!F4) | Z66: =IF(Q66="","",Q66*DATA!G4) | AA66: =IF(R66="","",R66*DATA!H4) | AB66: =IF(S66="","",S66*DATA!I4) | AC66: =IF(T66="","",T66*DATA!J4) | AD66: =IF(U66="","",SQRT(SUMPRODUCT((U66:AC66-#REF!)^2))) | AE66: =IF(U66="","",SQRT(SUMPRODUCT((U66:AC66-U114:AC114)^2))) | AF66: =IF(OR(AD66="",AE66=""),"",AE66/(AD66+AE66))
A67: =IF(DATA!A69="","",DATA!A69) | B67: =IF(DATA!B69="","",DATA!B69) | C67: =IF(DATA!C69="","",DATA!C69) | D67: =IF(DATA!D69="","",DATA!D69) | E67: =IF(DATA!E69="","",DATA!E69) | F67: =IF(DATA!F69="","",DATA!F69) | G67: =IF(DATA!G69="","",DATA!G69) | H67: =IF(DATA!H69="","",DATA!H69) | ... J67: =IF(DATA!J69="","",DATA!J69) | L67: =IF(B67="","",B67/SQRT(SUMSQ(B$6:B$105))) | M67: =IF(C67="","",C67/SQRT(SUMSQ(C$6:C$105))) | N67: =IF(D67="","",D67/SQRT(SUMSQ(D$6:D$105))) | O67: =IF(E67="","",E67/SQRT(SUMSQ(E$6:E$105))) | P67: =IF(F67="","",F67/SQRT(SUMSQ(F$6:F$105))) | Q67: =IF(G67="","",G67/SQRT(SUMSQ(G$6:G$105))) | R67: =IF(H67="","",H67/SQRT(SUMSQ(H$6:H$105))) | S67: =IF(I67="","",I67/SQRT(SUMSQ(I$6:I$105))) | T67: =IF(J67="","",J67/SQRT(SUMSQ(J$6:J$105))) | U67: =IF(L67="","",L67*DATA!B4) | V67: =IF(M67="","",M67*DATA!C4) | W67: =IF(N67="","",N67*DATA!D4) | X67: =IF(O67="","",O67*DATA!E4) | Y67: =IF(P67="","",P67*DATA!F4) | Z67: =IF(Q67="","",Q67*DATA!G4) | AA67: =IF(R67="","",R67*DATA!H4) | AB67: =IF(S67="","",S67*DATA!I4) | AC67: =IF(T67="","",T67*DATA!J4) | AD67: =IF(U67="","",SQRT(SUMPRODUCT((U67:AC67-#REF!)^2))) | AE67: =IF(U67="","",SQRT(SUMPRODUCT((U67:AC67-U114:AC114)^2))) | AF67: =IF(OR(AD67="",AE67=""),"",AE67/(AD67+AE67))
A68: =IF(DATA!A70="","",DATA!A70) | B68: =IF(DATA!B70="","",DATA!B70) | C68: =IF(DATA!C70="","",DATA!C70) | D68: =IF(DATA!D70="","",DATA!D70) | E68: =IF(DATA!E70="","",DATA!E70) | F68: =IF(DATA!F70="","",DATA!F70) | G68: =IF(DATA!G70="","",DATA!G70) | H68: =IF(DATA!H70="","",DATA!H70) | ... J68: =IF(DATA!J70="","",DATA!J70) | L68: =IF(B68="","",B68/SQRT(SUMSQ(B$6:B$105))) | M68: =IF(C68="","",C68/SQRT(SUMSQ(C$6:C$105))) | N68: =IF(D68="","",D68/SQRT(SUMSQ(D$6:D$105))) | O68: =IF(E68="","",E68/SQRT(SUMSQ(E$6:E$105))) | P68: =IF(F68="","",F68/SQRT(SUMSQ(F$6:F$105))) | Q68: =IF(G68="","",G68/SQRT(SUMSQ(G$6:G$105))) | R68: =IF(H68="","",H68/SQRT(SUMSQ(H$6:H$105))) | S68: =IF(I68="","",I68/SQRT(SUMSQ(I$6:I$105))) | T68: =IF(J68="","",J68/SQRT(SUMSQ(J$6:J$105))) | U68: =IF(L68="","",L68*DATA!B4) | V68: =IF(M68="","",M68*DATA!C4) | W68: =IF(N68="","",N68*DATA!D4) | X68: =IF(O68="","",O68*DATA!E4) | Y68: =IF(P68="","",P68*DATA!F4) | Z68: =IF(Q68="","",Q68*DATA!G4) | AA68: =IF(R68="","",R68*DATA!H4) | AB68: =IF(S68="","",S68*DATA!I4) | AC68: =IF(T68="","",T68*DATA!J4) | AD68: =IF(U68="","",SQRT(SUMPRODUCT((U68:AC68-#REF!)^2))) | AE68: =IF(U68="","",SQRT(SUMPRODUCT((U68:AC68-U114:AC114)^2))) | AF68: =IF(OR(AD68="",AE68=""),"",AE68/(AD68+AE68))
A69: =IF(DATA!A71="","",DATA!A71) | B69: =IF(DATA!B71="","",DATA!B71) | C69: =IF(DATA!C71="","",DATA!C71) | D69: =IF(DATA!D71="","",DATA!D71) | E69: =IF(DATA!E71="","",DATA!E71) | F69: =IF(DATA!F71="","",DATA!F71) | G69: =IF(DATA!G71="","",DATA!G71) | H69: =IF(DATA!H71="","",DATA!H71) | ... J69: =IF(DATA!J71="","",DATA!J71) | L69: =IF(B69="","",B69/SQRT(SUMSQ(B$6:B$105))) | M69: =IF(C69="","",C69/SQRT(SUMSQ(C$6:C$105))) | N69: =IF(D69="","",D69/SQRT(SUMSQ(D$6:D$105))) | O69: =IF(E69="","",E69/SQRT(SUMSQ(E$6:E$105))) | P69: =IF(F69="","",F69/SQRT(SUMSQ(F$6:F$105))) | Q69: =IF(G69="","",G69/SQRT(SUMSQ(G$6:G$105))) | R69: =IF(H69="","",H69/SQRT(SUMSQ(H$6:H$105))) | S69: =IF(I69="","",I69/SQRT(SUMSQ(I$6:I$105))) | T69: =IF(J69="","",J69/SQRT(SUMSQ(J$6:J$105))) | U69: =IF(L69="","",L69*DATA!B4) | V69: =IF(M69="","",M69*DATA!C4) | W69: =IF(N69="","",N69*DATA!D4) | X69: =IF(O69="","",O69*DATA!E4) | Y69: =IF(P69="","",P69*DATA!F4) | Z69: =IF(Q69="","",Q69*DATA!G4) | AA69: =IF(R69="","",R69*DATA!H4) | AB69: =IF(S69="","",S69*DATA!I4) | AC69: =IF(T69="","",T69*DATA!J4) | AD69: =IF(U69="","",SQRT(SUMPRODUCT((U69:AC69-#REF!)^2))) | AE69: =IF(U69="","",SQRT(SUMPRODUCT((U69:AC69-U114:AC114)^2))) | AF69: =IF(OR(AD69="",AE69=""),"",AE69/(AD69+AE69))
A70: =IF(DATA!A72="","",DATA!A72) | B70: =IF(DATA!B72="","",DATA!B72) | C70: =IF(DATA!C72="","",DATA!C72) | D70: =IF(DATA!D72="","",DATA!D72) | E70: =IF(DATA!E72="","",DATA!E72) | F70: =IF(DATA!F72="","",DATA!F72) | G70: =IF(DATA!G72="","",DATA!G72) | H70: =IF(DATA!H72="","",DATA!H72) | ... J70: =IF(DATA!J72="","",DATA!J72) | L70: =IF(B70="","",B70/SQRT(SUMSQ(B$6:B$105))) | M70: =IF(C70="","",C70/SQRT(SUMSQ(C$6:C$105))) | N70: =IF(D70="","",D70/SQRT(SUMSQ(D$6:D$105))) | O70: =IF(E70="","",E70/SQRT(SUMSQ(E$6:E$105))) | P70: =IF(F70="","",F70/SQRT(SUMSQ(F$6:F$105))) | Q70: =IF(G70="","",G70/SQRT(SUMSQ(G$6:G$105))) | R70: =IF(H70="","",H70/SQRT(SUMSQ(H$6:H$105))) | S70: =IF(I70="","",I70/SQRT(SUMSQ(I$6:I$105))) | T70: =IF(J70="","",J70/SQRT(SUMSQ(J$6:J$105))) | U70: =IF(L70="","",L70*DATA!B4) | V70: =IF(M70="","",M70*DATA!C4) | W70: =IF(N70="","",N70*DATA!D4) | X70: =IF(O70="","",O70*DATA!E4) | Y70: =IF(P70="","",P70*DATA!F4) | Z70: =IF(Q70="","",Q70*DATA!G4) | AA70: =IF(R70="","",R70*DATA!H4) | AB70: =IF(S70="","",S70*DATA!I4) | AC70: =IF(T70="","",T70*DATA!J4) | AD70: =IF(U70="","",SQRT(SUMPRODUCT((U70:AC70-#REF!)^2))) | AE70: =IF(U70="","",SQRT(SUMPRODUCT((U70:AC70-U114:AC114)^2))) | AF70: =IF(OR(AD70="",AE70=""),"",AE70/(AD70+AE70))
A71: =IF(DATA!A73="","",DATA!A73) | B71: =IF(DATA!B73="","",DATA!B73) | C71: =IF(DATA!C73="","",DATA!C73) | D71: =IF(DATA!D73="","",DATA!D73) | E71: =IF(DATA!E73="","",DATA!E73) | F71: =IF(DATA!F73="","",DATA!F73) | G71: =IF(DATA!G73="","",DATA!G73) | H71: =IF(DATA!H73="","",DATA!H73) | ... J71: =IF(DATA!J73="","",DATA!J73) | L71: =IF(B71="","",B71/SQRT(SUMSQ(B$6:B$105))) | M71: =IF(C71="","",C71/SQRT(SUMSQ(C$6:C$105))) | N71: =IF(D71="","",D71/SQRT(SUMSQ(D$6:D$105))) | O71: =IF(E71="","",E71/SQRT(SUMSQ(E$6:E$105))) | P71: =IF(F71="","",F71/SQRT(SUMSQ(F$6:F$105))) | Q71: =IF(G71="","",G71/SQRT(SUMSQ(G$6:G$105))) | R71: =IF(H71="","",H71/SQRT(SUMSQ(H$6:H$105))) | S71: =IF(I71="","",I71/SQRT(SUMSQ(I$6:I$105))) | T71: =IF(J71="","",J71/SQRT(SUMSQ(J$6:J$105))) | U71: =IF(L71="","",L71*DATA!B4) | V71: =IF(M71="","",M71*DATA!C4) | W71: =IF(N71="","",N71*DATA!D4) | X71: =IF(O71="","",O71*DATA!E4) | Y71: =IF(P71="","",P71*DATA!F4) | Z71: =IF(Q71="","",Q71*DATA!G4) | AA71: =IF(R71="","",R71*DATA!H4) | AB71: =IF(S71="","",S71*DATA!I4) | AC71: =IF(T71="","",T71*DATA!J4) | AD71: =IF(U71="","",SQRT(SUMPRODUCT((U71:AC71-#REF!)^2))) | AE71: =IF(U71="","",SQRT(SUMPRODUCT((U71:AC71-U114:AC114)^2))) | AF71: =IF(OR(AD71="",AE71=""),"",AE71/(AD71+AE71))
A72: =IF(DATA!A74="","",DATA!A74) | B72: =IF(DATA!B74="","",DATA!B74) | C72: =IF(DATA!C74="","",DATA!C74) | D72: =IF(DATA!D74="","",DATA!D74) | E72: =IF(DATA!E74="","",DATA!E74) | F72: =IF(DATA!F74="","",DATA!F74) | G72: =IF(DATA!G74="","",DATA!G74) | H72: =IF(DATA!H74="","",DATA!H74) | ... J72: =IF(DATA!J74="","",DATA!J74) | L72: =IF(B72="","",B72/SQRT(SUMSQ(B$6:B$105))) | M72: =IF(C72="","",C72/SQRT(SUMSQ(C$6:C$105))) | N72: =IF(D72="","",D72/SQRT(SUMSQ(D$6:D$105))) | O72: =IF(E72="","",E72/SQRT(SUMSQ(E$6:E$105))) | P72: =IF(F72="","",F72/SQRT(SUMSQ(F$6:F$105))) | Q72: =IF(G72="","",G72/SQRT(SUMSQ(G$6:G$105))) | R72: =IF(H72="","",H72/SQRT(SUMSQ(H$6:H$105))) | S72: =IF(I72="","",I72/SQRT(SUMSQ(I$6:I$105))) | T72: =IF(J72="","",J72/SQRT(SUMSQ(J$6:J$105))) | U72: =IF(L72="","",L72*DATA!B4) | V72: =IF(M72="","",M72*DATA!C4) | W72: =IF(N72="","",N72*DATA!D4) | X72: =IF(O72="","",O72*DATA!E4) | Y72: =IF(P72="","",P72*DATA!F4) | Z72: =IF(Q72="","",Q72*DATA!G4) | AA72: =IF(R72="","",R72*DATA!H4) | AB72: =IF(S72="","",S72*DATA!I4) | AC72: =IF(T72="","",T72*DATA!J4) | AD72: =IF(U72="","",SQRT(SUMPRODUCT((U72:AC72-#REF!)^2))) | AE72: =IF(U72="","",SQRT(SUMPRODUCT((U72:AC72-U114:AC114)^2))) | AF72: =IF(OR(AD72="",AE72=""),"",AE72/(AD72+AE72))
A73: =IF(DATA!A75="","",DATA!A75) | B73: =IF(DATA!B75="","",DATA!B75) | C73: =IF(DATA!C75="","",DATA!C75) | D73: =IF(DATA!D75="","",DATA!D75) | E73: =IF(DATA!E75="","",DATA!E75) | F73: =IF(DATA!F75="","",DATA!F75) | G73: =IF(DATA!G75="","",DATA!G75) | H73: =IF(DATA!H75="","",DATA!H75) | ... J73: =IF(DATA!J75="","",DATA!J75) | L73: =IF(B73="","",B73/SQRT(SUMSQ(B$6:B$105))) | M73: =IF(C73="","",C73/SQRT(SUMSQ(C$6:C$105))) | N73: =IF(D73="","",D73/SQRT(SUMSQ(D$6:D$105))) | O73: =IF(E73="","",E73/SQRT(SUMSQ(E$6:E$105))) | P73: =IF(F73="","",F73/SQRT(SUMSQ(F$6:F$105))) | Q73: =IF(G73="","",G73/SQRT(SUMSQ(G$6:G$105))) | R73: =IF(H73="","",H73/SQRT(SUMSQ(H$6:H$105))) | S73: =IF(I73="","",I73/SQRT(SUMSQ(I$6:I$105))) | T73: =IF(J73="","",J73/SQRT(SUMSQ(J$6:J$105))) | U73: =IF(L73="","",L73*DATA!B4) | V73: =IF(M73="","",M73*DATA!C4) | W73: =IF(N73="","",N73*DATA!D4) | X73: =IF(O73="","",O73*DATA!E4) | Y73: =IF(P73="","",P73*DATA!F4) | Z73: =IF(Q73="","",Q73*DATA!G4) | AA73: =IF(R73="","",R73*DATA!H4) | AB73: =IF(S73="","",S73*DATA!I4) | AC73: =IF(T73="","",T73*DATA!J4) | AD73: =IF(U73="","",SQRT(SUMPRODUCT((U73:AC73-#REF!)^2))) | AE73: =IF(U73="","",SQRT(SUMPRODUCT((U73:AC73-U114:AC114)^2))) | AF73: =IF(OR(AD73="",AE73=""),"",AE73/(AD73+AE73))
A74: =IF(DATA!A76="","",DATA!A76) | B74: =IF(DATA!B76="","",DATA!B76) | C74: =IF(DATA!C76="","",DATA!C76) | D74: =IF(DATA!D76="","",DATA!D76) | E74: =IF(DATA!E76="","",DATA!E76) | F74: =IF(DATA!F76="","",DATA!F76) | G74: =IF(DATA!G76="","",DATA!G76) | H74: =IF(DATA!H76="","",DATA!H76) | ... J74: =IF(DATA!J76="","",DATA!J76) | L74: =IF(B74="","",B74/SQRT(SUMSQ(B$6:B$105))) | M74: =IF(C74="","",C74/SQRT(SUMSQ(C$6:C$105))) | N74: =IF(D74="","",D74/SQRT(SUMSQ(D$6:D$105))) | O74: =IF(E74="","",E74/SQRT(SUMSQ(E$6:E$105))) | P74: =IF(F74="","",F74/SQRT(SUMSQ(F$6:F$105))) | Q74: =IF(G74="","",G74/SQRT(SUMSQ(G$6:G$105))) | R74: =IF(H74="","",H74/SQRT(SUMSQ(H$6:H$105))) | S74: =IF(I74="","",I74/SQRT(SUMSQ(I$6:I$105))) | T74: =IF(J74="","",J74/SQRT(SUMSQ(J$6:J$105))) | U74: =IF(L74="","",L74*DATA!B4) | V74: =IF(M74="","",M74*DATA!C4) | W74: =IF(N74="","",N74*DATA!D4) | X74: =IF(O74="","",O74*DATA!E4) | Y74: =IF(P74="","",P74*DATA!F4) | Z74: =IF(Q74="","",Q74*DATA!G4) | AA74: =IF(R74="","",R74*DATA!H4) | AB74: =IF(S74="","",S74*DATA!I4) | AC74: =IF(T74="","",T74*DATA!J4) | AD74: =IF(U74="","",SQRT(SUMPRODUCT((U74:AC74-#REF!)^2))) | AE74: =IF(U74="","",SQRT(SUMPRODUCT((U74:AC74-U114:AC114)^2))) | AF74: =IF(OR(AD74="",AE74=""),"",AE74/(AD74+AE74))
A75: =IF(DATA!A77="","",DATA!A77) | B75: =IF(DATA!B77="","",DATA!B77) | C75: =IF(DATA!C77="","",DATA!C77) | D75: =IF(DATA!D77="","",DATA!D77) | E75: =IF(DATA!E77="","",DATA!E77) | F75: =IF(DATA!F77="","",DATA!F77) | G75: =IF(DATA!G77="","",DATA!G77) | H75: =IF(DATA!H77="","",DATA!H77) | ... J75: =IF(DATA!J77="","",DATA!J77) | L75: =IF(B75="","",B75/SQRT(SUMSQ(B$6:B$105))) | M75: =IF(C75="","",C75/SQRT(SUMSQ(C$6:C$105))) | N75: =IF(D75="","",D75/SQRT(SUMSQ(D$6:D$105))) | O75: =IF(E75="","",E75/SQRT(SUMSQ(E$6:E$105))) | P75: =IF(F75="","",F75/SQRT(SUMSQ(F$6:F$105))) | Q75: =IF(G75="","",G75/SQRT(SUMSQ(G$6:G$105))) | R75: =IF(H75="","",H75/SQRT(SUMSQ(H$6:H$105))) | S75: =IF(I75="","",I75/SQRT(SUMSQ(I$6:I$105))) | T75: =IF(J75="","",J75/SQRT(SUMSQ(J$6:J$105))) | U75: =IF(L75="","",L75*DATA!B4) | V75: =IF(M75="","",M75*DATA!C4) | W75: =IF(N75="","",N75*DATA!D4) | X75: =IF(O75="","",O75*DATA!E4) | Y75: =IF(P75="","",P75*DATA!F4) | Z75: =IF(Q75="","",Q75*DATA!G4) | AA75: =IF(R75="","",R75*DATA!H4) | AB75: =IF(S75="","",S75*DATA!I4) | AC75: =IF(T75="","",T75*DATA!J4) | AD75: =IF(U75="","",SQRT(SUMPRODUCT((U75:AC75-#REF!)^2))) | AE75: =IF(U75="","",SQRT(SUMPRODUCT((U75:AC75-U114:AC114)^2))) | AF75: =IF(OR(AD75="",AE75=""),"",AE75/(AD75+AE75))
A76: =IF(DATA!A78="","",DATA!A78) | B76: =IF(DATA!B78="","",DATA!B78) | C76: =IF(DATA!C78="","",DATA!C78) | D76: =IF(DATA!D78="","",DATA!D78) | E76: =IF(DATA!E78="","",DATA!E78) | F76: =IF(DATA!F78="","",DATA!F78) | G76: =IF(DATA!G78="","",DATA!G78) | H76: =IF(DATA!H78="","",DATA!H78) | ... J76: =IF(DATA!J78="","",DATA!J78) | L76: =IF(B76="","",B76/SQRT(SUMSQ(B$6:B$105))) | M76: =IF(C76="","",C76/SQRT(SUMSQ(C$6:C$105))) | N76: =IF(D76="","",D76/SQRT(SUMSQ(D$6:D$105))) | O76: =IF(E76="","",E76/SQRT(SUMSQ(E$6:E$105))) | P76: =IF(F76="","",F76/SQRT(SUMSQ(F$6:F$105))) | Q76: =IF(G76="","",G76/SQRT(SUMSQ(G$6:G$105))) | R76: =IF(H76="","",H76/SQRT(SUMSQ(H$6:H$105))) | S76: =IF(I76="","",I76/SQRT(SUMSQ(I$6:I$105))) | T76: =IF(J76="","",J76/SQRT(SUMSQ(J$6:J$105))) | U76: =IF(L76="","",L76*DATA!B4) | V76: =IF(M76="","",M76*DATA!C4) | W76: =IF(N76="","",N76*DATA!D4) | X76: =IF(O76="","",O76*DATA!E4) | Y76: =IF(P76="","",P76*DATA!F4) | Z76: =IF(Q76="","",Q76*DATA!G4) | AA76: =IF(R76="","",R76*DATA!H4) | AB76: =IF(S76="","",S76*DATA!I4) | AC76: =IF(T76="","",T76*DATA!J4) | AD76: =IF(U76="","",SQRT(SUMPRODUCT((U76:AC76-#REF!)^2))) | AE76: =IF(U76="","",SQRT(SUMPRODUCT((U76:AC76-U114:AC114)^2))) | AF76: =IF(OR(AD76="",AE76=""),"",AE76/(AD76+AE76))
A77: =IF(DATA!A79="","",DATA!A79) | B77: =IF(DATA!B79="","",DATA!B79) | C77: =IF(DATA!C79="","",DATA!C79) | D77: =IF(DATA!D79="","",DATA!D79) | E77: =IF(DATA!E79="","",DATA!E79) | F77: =IF(DATA!F79="","",DATA!F79) | G77: =IF(DATA!G79="","",DATA!G79) | H77: =IF(DATA!H79="","",DATA!H79) | ... J77: =IF(DATA!J79="","",DATA!J79) | L77: =IF(B77="","",B77/SQRT(SUMSQ(B$6:B$105))) | M77: =IF(C77="","",C77/SQRT(SUMSQ(C$6:C$105))) | N77: =IF(D77="","",D77/SQRT(SUMSQ(D$6:D$105))) | O77: =IF(E77="","",E77/SQRT(SUMSQ(E$6:E$105))) | P77: =IF(F77="","",F77/SQRT(SUMSQ(F$6:F$105))) | Q77: =IF(G77="","",G77/SQRT(SUMSQ(G$6:G$105))) | R77: =IF(H77="","",H77/SQRT(SUMSQ(H$6:H$105))) | S77: =IF(I77="","",I77/SQRT(SUMSQ(I$6:I$105))) | T77: =IF(J77="","",J77/SQRT(SUMSQ(J$6:J$105))) | U77: =IF(L77="","",L77*DATA!B4) | V77: =IF(M77="","",M77*DATA!C4) | W77: =IF(N77="","",N77*DATA!D4) | X77: =IF(O77="","",O77*DATA!E4) | Y77: =IF(P77="","",P77*DATA!F4) | Z77: =IF(Q77="","",Q77*DATA!G4) | AA77: =IF(R77="","",R77*DATA!H4) | AB77: =IF(S77="","",S77*DATA!I4) | AC77: =IF(T77="","",T77*DATA!J4) | AD77: =IF(U77="","",SQRT(SUMPRODUCT((U77:AC77-#REF!)^2))) | AE77: =IF(U77="","",SQRT(SUMPRODUCT((U77:AC77-U114:AC114)^2))) | AF77: =IF(OR(AD77="",AE77=""),"",AE77/(AD77+AE77))
A78: =IF(DATA!A80="","",DATA!A80) | B78: =IF(DATA!B80="","",DATA!B80) | C78: =IF(DATA!C80="","",DATA!C80) | D78: =IF(DATA!D80="","",DATA!D80) | E78: =IF(DATA!E80="","",DATA!E80) | F78: =IF(DATA!F80="","",DATA!F80) | G78: =IF(DATA!G80="","",DATA!G80) | H78: =IF(DATA!H80="","",DATA!H80) | ... J78: =IF(DATA!J80="","",DATA!J80) | L78: =IF(B78="","",B78/SQRT(SUMSQ(B$6:B$105))) | M78: =IF(C78="","",C78/SQRT(SUMSQ(C$6:C$105))) | N78: =IF(D78="","",D78/SQRT(SUMSQ(D$6:D$105))) | O78: =IF(E78="","",E78/SQRT(SUMSQ(E$6:E$105))) | P78: =IF(F78="","",F78/SQRT(SUMSQ(F$6:F$105))) | Q78: =IF(G78="","",G78/SQRT(SUMSQ(G$6:G$105))) | R78: =IF(H78="","",H78/SQRT(SUMSQ(H$6:H$105))) | S78: =IF(I78="","",I78/SQRT(SUMSQ(I$6:I$105))) | T78: =IF(J78="","",J78/SQRT(SUMSQ(J$6:J$105))) | U78: =IF(L78="","",L78*DATA!B4) | V78: =IF(M78="","",M78*DATA!C4) | W78: =IF(N78="","",N78*DATA!D4) | X78: =IF(O78="","",O78*DATA!E4) | Y78: =IF(P78="","",P78*DATA!F4) | Z78: =IF(Q78="","",Q78*DATA!G4) | AA78: =IF(R78="","",R78*DATA!H4) | AB78: =IF(S78="","",S78*DATA!I4) | AC78: =IF(T78="","",T78*DATA!J4) | AD78: =IF(U78="","",SQRT(SUMPRODUCT((U78:AC78-#REF!)^2))) | AE78: =IF(U78="","",SQRT(SUMPRODUCT((U78:AC78-U114:AC114)^2))) | AF78: =IF(OR(AD78="",AE78=""),"",AE78/(AD78+AE78))
A79: =IF(DATA!A81="","",DATA!A81) | B79: =IF(DATA!B81="","",DATA!B81) | C79: =IF(DATA!C81="","",DATA!C81) | D79: =IF(DATA!D81="","",DATA!D81) | E79: =IF(DATA!E81="","",DATA!E81) | F79: =IF(DATA!F81="","",DATA!F81) | G79: =IF(DATA!G81="","",DATA!G81) | H79: =IF(DATA!H81="","",DATA!H81) | ... J79: =IF(DATA!J81="","",DATA!J81) | L79: =IF(B79="","",B79/SQRT(SUMSQ(B$6:B$105))) | M79: =IF(C79="","",C79/SQRT(SUMSQ(C$6:C$105))) | N79: =IF(D79="","",D79/SQRT(SUMSQ(D$6:D$105))) | O79: =IF(E79="","",E79/SQRT(SUMSQ(E$6:E$105))) | P79: =IF(F79="","",F79/SQRT(SUMSQ(F$6:F$105))) | Q79: =IF(G79="","",G79/SQRT(SUMSQ(G$6:G$105))) | R79: =IF(H79="","",H79/SQRT(SUMSQ(H$6:H$105))) | S79: =IF(I79="","",I79/SQRT(SUMSQ(I$6:I$105))) | T79: =IF(J79="","",J79/SQRT(SUMSQ(J$6:J$105))) | U79: =IF(L79="","",L79*DATA!B4) | V79: =IF(M79="","",M79*DATA!C4) | W79: =IF(N79="","",N79*DATA!D4) | X79: =IF(O79="","",O79*DATA!E4) | Y79: =IF(P79="","",P79*DATA!F4) | Z79: =IF(Q79="","",Q79*DATA!G4) | AA79: =IF(R79="","",R79*DATA!H4) | AB79: =IF(S79="","",S79*DATA!I4) | AC79: =IF(T79="","",T79*DATA!J4) | AD79: =IF(U79="","",SQRT(SUMPRODUCT((U79:AC79-#REF!)^2))) | AE79: =IF(U79="","",SQRT(SUMPRODUCT((U79:AC79-U114:AC114)^2))) | AF79: =IF(OR(AD79="",AE79=""),"",AE79/(AD79+AE79))
A80: =IF(DATA!A82="","",DATA!A82) | B80: =IF(DATA!B82="","",DATA!B82) | C80: =IF(DATA!C82="","",DATA!C82) | D80: =IF(DATA!D82="","",DATA!D82) | E80: =IF(DATA!E82="","",DATA!E82) | F80: =IF(DATA!F82="","",DATA!F82) | G80: =IF(DATA!G82="","",DATA!G82) | H80: =IF(DATA!H82="","",DATA!H82) | ... J80: =IF(DATA!J82="","",DATA!J82) | L80: =IF(B80="","",B80/SQRT(SUMSQ(B$6:B$105))) | M80: =IF(C80="","",C80/SQRT(SUMSQ(C$6:C$105))) | N80: =IF(D80="","",D80/SQRT(SUMSQ(D$6:D$105))) | O80: =IF(E80="","",E80/SQRT(SUMSQ(E$6:E$105))) | P80: =IF(F80="","",F80/SQRT(SUMSQ(F$6:F$105))) | Q80: =IF(G80="","",G80/SQRT(SUMSQ(G$6:G$105))) | R80: =IF(H80="","",H80/SQRT(SUMSQ(H$6:H$105))) | S80: =IF(I80="","",I80/SQRT(SUMSQ(I$6:I$105))) | T80: =IF(J80="","",J80/SQRT(SUMSQ(J$6:J$105))) | U80: =IF(L80="","",L80*DATA!B4) | V80: =IF(M80="","",M80*DATA!C4) | W80: =IF(N80="","",N80*DATA!D4) | X80: =IF(O80="","",O80*DATA!E4) | Y80: =IF(P80="","",P80*DATA!F4) | Z80: =IF(Q80="","",Q80*DATA!G4) | AA80: =IF(R80="","",R80*DATA!H4) | AB80: =IF(S80="","",S80*DATA!I4) | AC80: =IF(T80="","",T80*DATA!J4) | AD80: =IF(U80="","",SQRT(SUMPRODUCT((U80:AC80-#REF!)^2))) | AE80: =IF(U80="","",SQRT(SUMPRODUCT((U80:AC80-U114:AC114)^2))) | AF80: =IF(OR(AD80="",AE80=""),"",AE80/(AD80+AE80))
A81: =IF(DATA!A83="","",DATA!A83) | B81: =IF(DATA!B83="","",DATA!B83) | C81: =IF(DATA!C83="","",DATA!C83) | D81: =IF(DATA!D83="","",DATA!D83) | E81: =IF(DATA!E83="","",DATA!E83) | F81: =IF(DATA!F83="","",DATA!F83) | G81: =IF(DATA!G83="","",DATA!G83) | H81: =IF(DATA!H83="","",DATA!H83) | ... J81: =IF(DATA!J83="","",DATA!J83) | L81: =IF(B81="","",B81/SQRT(SUMSQ(B$6:B$105))) | M81: =IF(C81="","",C81/SQRT(SUMSQ(C$6:C$105))) | N81: =IF(D81="","",D81/SQRT(SUMSQ(D$6:D$105))) | O81: =IF(E81="","",E81/SQRT(SUMSQ(E$6:E$105))) | P81: =IF(F81="","",F81/SQRT(SUMSQ(F$6:F$105))) | Q81: =IF(G81="","",G81/SQRT(SUMSQ(G$6:G$105))) | R81: =IF(H81="","",H81/SQRT(SUMSQ(H$6:H$105))) | S81: =IF(I81="","",I81/SQRT(SUMSQ(I$6:I$105))) | T81: =IF(J81="","",J81/SQRT(SUMSQ(J$6:J$105))) | U81: =IF(L81="","",L81*DATA!B4) | V81: =IF(M81="","",M81*DATA!C4) | W81: =IF(N81="","",N81*DATA!D4) | X81: =IF(O81="","",O81*DATA!E4) | Y81: =IF(P81="","",P81*DATA!F4) | Z81: =IF(Q81="","",Q81*DATA!G4) | AA81: =IF(R81="","",R81*DATA!H4) | AB81: =IF(S81="","",S81*DATA!I4) | AC81: =IF(T81="","",T81*DATA!J4) | AD81: =IF(U81="","",SQRT(SUMPRODUCT((U81:AC81-#REF!)^2))) | AE81: =IF(U81="","",SQRT(SUMPRODUCT((U81:AC81-U114:AC114)^2))) | AF81: =IF(OR(AD81="",AE81=""),"",AE81/(AD81+AE81))
A82: =IF(DATA!A84="","",DATA!A84) | B82: =IF(DATA!B84="","",DATA!B84) | C82: =IF(DATA!C84="","",DATA!C84) | D82: =IF(DATA!D84="","",DATA!D84) | E82: =IF(DATA!E84="","",DATA!E84) | F82: =IF(DATA!F84="","",DATA!F84) | G82: =IF(DATA!G84="","",DATA!G84) | H82: =IF(DATA!H84="","",DATA!H84) | ... J82: =IF(DATA!J84="","",DATA!J84) | L82: =IF(B82="","",B82/SQRT(SUMSQ(B$6:B$105))) | M82: =IF(C82="","",C82/SQRT(SUMSQ(C$6:C$105))) | N82: =IF(D82="","",D82/SQRT(SUMSQ(D$6:D$105))) | O82: =IF(E82="","",E82/SQRT(SUMSQ(E$6:E$105))) | P82: =IF(F82="","",F82/SQRT(SUMSQ(F$6:F$105))) | Q82: =IF(G82="","",G82/SQRT(SUMSQ(G$6:G$105))) | R82: =IF(H82="","",H82/SQRT(SUMSQ(H$6:H$105))) | S82: =IF(I82="","",I82/SQRT(SUMSQ(I$6:I$105))) | T82: =IF(J82="","",J82/SQRT(SUMSQ(J$6:J$105))) | U82: =IF(L82="","",L82*DATA!B4) | V82: =IF(M82="","",M82*DATA!C4) | W82: =IF(N82="","",N82*DATA!D4) | X82: =IF(O82="","",O82*DATA!E4) | Y82: =IF(P82="","",P82*DATA!F4) | Z82: =IF(Q82="","",Q82*DATA!G4) | AA82: =IF(R82="","",R82*DATA!H4) | AB82: =IF(S82="","",S82*DATA!I4) | AC82: =IF(T82="","",T82*DATA!J4) | AD82: =IF(U82="","",SQRT(SUMPRODUCT((U82:AC82-#REF!)^2))) | AE82: =IF(U82="","",SQRT(SUMPRODUCT((U82:AC82-U114:AC114)^2))) | AF82: =IF(OR(AD82="",AE82=""),"",AE82/(AD82+AE82))
A83: =IF(DATA!A85="","",DATA!A85) | B83: =IF(DATA!B85="","",DATA!B85) | C83: =IF(DATA!C85="","",DATA!C85) | D83: =IF(DATA!D85="","",DATA!D85) | E83: =IF(DATA!E85="","",DATA!E85) | F83: =IF(DATA!F85="","",DATA!F85) | G83: =IF(DATA!G85="","",DATA!G85) | H83: =IF(DATA!H85="","",DATA!H85) | ... J83: =IF(DATA!J85="","",DATA!J85) | L83: =IF(B83="","",B83/SQRT(SUMSQ(B$6:B$105))) | M83: =IF(C83="","",C83/SQRT(SUMSQ(C$6:C$105))) | N83: =IF(D83="","",D83/SQRT(SUMSQ(D$6:D$105))) | O83: =IF(E83="","",E83/SQRT(SUMSQ(E$6:E$105))) | P83: =IF(F83="","",F83/SQRT(SUMSQ(F$6:F$105))) | Q83: =IF(G83="","",G83/SQRT(SUMSQ(G$6:G$105))) | R83: =IF(H83="","",H83/SQRT(SUMSQ(H$6:H$105))) | S83: =IF(I83="","",I83/SQRT(SUMSQ(I$6:I$105))) | T83: =IF(J83="","",J83/SQRT(SUMSQ(J$6:J$105))) | U83: =IF(L83="","",L83*DATA!B4) | V83: =IF(M83="","",M83*DATA!C4) | W83: =IF(N83="","",N83*DATA!D4) | X83: =IF(O83="","",O83*DATA!E4) | Y83: =IF(P83="","",P83*DATA!F4) | Z83: =IF(Q83="","",Q83*DATA!G4) | AA83: =IF(R83="","",R83*DATA!H4) | AB83: =IF(S83="","",S83*DATA!I4) | AC83: =IF(T83="","",T83*DATA!J4) | AD83: =IF(U83="","",SQRT(SUMPRODUCT((U83:AC83-#REF!)^2))) | AE83: =IF(U83="","",SQRT(SUMPRODUCT((U83:AC83-U114:AC114)^2))) | AF83: =IF(OR(AD83="",AE83=""),"",AE83/(AD83+AE83))
A84: =IF(DATA!A86="","",DATA!A86) | B84: =IF(DATA!B86="","",DATA!B86) | C84: =IF(DATA!C86="","",DATA!C86) | D84: =IF(DATA!D86="","",DATA!D86) | E84: =IF(DATA!E86="","",DATA!E86) | F84: =IF(DATA!F86="","",DATA!F86) | G84: =IF(DATA!G86="","",DATA!G86) | H84: =IF(DATA!H86="","",DATA!H86) | ... J84: =IF(DATA!J86="","",DATA!J86) | L84: =IF(B84="","",B84/SQRT(SUMSQ(B$6:B$105))) | M84: =IF(C84="","",C84/SQRT(SUMSQ(C$6:C$105))) | N84: =IF(D84="","",D84/SQRT(SUMSQ(D$6:D$105))) | O84: =IF(E84="","",E84/SQRT(SUMSQ(E$6:E$105))) | P84: =IF(F84="","",F84/SQRT(SUMSQ(F$6:F$105))) | Q84: =IF(G84="","",G84/SQRT(SUMSQ(G$6:G$105))) | R84: =IF(H84="","",H84/SQRT(SUMSQ(H$6:H$105))) | S84: =IF(I84="","",I84/SQRT(SUMSQ(I$6:I$105))) | T84: =IF(J84="","",J84/SQRT(SUMSQ(J$6:J$105))) | U84: =IF(L84="","",L84*DATA!B4) | V84: =IF(M84="","",M84*DATA!C4) | W84: =IF(N84="","",N84*DATA!D4) | X84: =IF(O84="","",O84*DATA!E4) | Y84: =IF(P84="","",P84*DATA!F4) | Z84: =IF(Q84="","",Q84*DATA!G4) | AA84: =IF(R84="","",R84*DATA!H4) | AB84: =IF(S84="","",S84*DATA!I4) | AC84: =IF(T84="","",T84*DATA!J4) | AD84: =IF(U84="","",SQRT(SUMPRODUCT((U84:AC84-#REF!)^2))) | AE84: =IF(U84="","",SQRT(SUMPRODUCT((U84:AC84-U114:AC114)^2))) | AF84: =IF(OR(AD84="",AE84=""),"",AE84/(AD84+AE84))
A85: =IF(DATA!A87="","",DATA!A87) | B85: =IF(DATA!B87="","",DATA!B87) | C85: =IF(DATA!C87="","",DATA!C87) | D85: =IF(DATA!D87="","",DATA!D87) | E85: =IF(DATA!E87="","",DATA!E87) | F85: =IF(DATA!F87="","",DATA!F87) | G85: =IF(DATA!G87="","",DATA!G87) | H85: =IF(DATA!H87="","",DATA!H87) | ... J85: =IF(DATA!J87="","",DATA!J87) | L85: =IF(B85="","",B85/SQRT(SUMSQ(B$6:B$105))) | M85: =IF(C85="","",C85/SQRT(SUMSQ(C$6:C$105))) | N85: =IF(D85="","",D85/SQRT(SUMSQ(D$6:D$105))) | O85: =IF(E85="","",E85/SQRT(SUMSQ(E$6:E$105))) | P85: =IF(F85="","",F85/SQRT(SUMSQ(F$6:F$105))) | Q85: =IF(G85="","",G85/SQRT(SUMSQ(G$6:G$105))) | R85: =IF(H85="","",H85/SQRT(SUMSQ(H$6:H$105))) | S85: =IF(I85="","",I85/SQRT(SUMSQ(I$6:I$105))) | T85: =IF(J85="","",J85/SQRT(SUMSQ(J$6:J$105))) | U85: =IF(L85="","",L85*DATA!B4) | V85: =IF(M85="","",M85*DATA!C4) | W85: =IF(N85="","",N85*DATA!D4) | X85: =IF(O85="","",O85*DATA!E4) | Y85: =IF(P85="","",P85*DATA!F4) | Z85: =IF(Q85="","",Q85*DATA!G4) | AA85: =IF(R85="","",R85*DATA!H4) | AB85: =IF(S85="","",S85*DATA!I4) | AC85: =IF(T85="","",T85*DATA!J4) | AD85: =IF(U85="","",SQRT(SUMPRODUCT((U85:AC85-#REF!)^2))) | AE85: =IF(U85="","",SQRT(SUMPRODUCT((U85:AC85-U114:AC114)^2))) | AF85: =IF(OR(AD85="",AE85=""),"",AE85/(AD85+AE85))
A86: =IF(DATA!A88="","",DATA!A88) | B86: =IF(DATA!B88="","",DATA!B88) | C86: =IF(DATA!C88="","",DATA!C88) | D86: =IF(DATA!D88="","",DATA!D88) | E86: =IF(DATA!E88="","",DATA!E88) | F86: =IF(DATA!F88="","",DATA!F88) | G86: =IF(DATA!G88="","",DATA!G88) | H86: =IF(DATA!H88="","",DATA!H88) | ... J86: =IF(DATA!J88="","",DATA!J88) | L86: =IF(B86="","",B86/SQRT(SUMSQ(B$6:B$105))) | M86: =IF(C86="","",C86/SQRT(SUMSQ(C$6:C$105))) | N86: =IF(D86="","",D86/SQRT(SUMSQ(D$6:D$105))) | O86: =IF(E86="","",E86/SQRT(SUMSQ(E$6:E$105))) | P86: =IF(F86="","",F86/SQRT(SUMSQ(F$6:F$105))) | Q86: =IF(G86="","",G86/SQRT(SUMSQ(G$6:G$105))) | R86: =IF(H86="","",H86/SQRT(SUMSQ(H$6:H$105))) | S86: =IF(I86="","",I86/SQRT(SUMSQ(I$6:I$105))) | T86: =IF(J86="","",J86/SQRT(SUMSQ(J$6:J$105))) | U86: =IF(L86="","",L86*DATA!B4) | V86: =IF(M86="","",M86*DATA!C4) | W86: =IF(N86="","",N86*DATA!D4) | X86: =IF(O86="","",O86*DATA!E4) | Y86: =IF(P86="","",P86*DATA!F4) | Z86: =IF(Q86="","",Q86*DATA!G4) | AA86: =IF(R86="","",R86*DATA!H4) | AB86: =IF(S86="","",S86*DATA!I4) | AC86: =IF(T86="","",T86*DATA!J4) | AD86: =IF(U86="","",SQRT(SUMPRODUCT((U86:AC86-#REF!)^2))) | AE86: =IF(U86="","",SQRT(SUMPRODUCT((U86:AC86-U114:AC114)^2))) | AF86: =IF(OR(AD86="",AE86=""),"",AE86/(AD86+AE86))
A87: =IF(DATA!A89="","",DATA!A89) | B87: =IF(DATA!B89="","",DATA!B89) | C87: =IF(DATA!C89="","",DATA!C89) | D87: =IF(DATA!D89="","",DATA!D89) | E87: =IF(DATA!E89="","",DATA!E89) | F87: =IF(DATA!F89="","",DATA!F89) | G87: =IF(DATA!G89="","",DATA!G89) | H87: =IF(DATA!H89="","",DATA!H89) | ... J87: =IF(DATA!J89="","",DATA!J89) | L87: =IF(B87="","",B87/SQRT(SUMSQ(B$6:B$105))) | M87: =IF(C87="","",C87/SQRT(SUMSQ(C$6:C$105))) | N87: =IF(D87="","",D87/SQRT(SUMSQ(D$6:D$105))) | O87: =IF(E87="","",E87/SQRT(SUMSQ(E$6:E$105))) | P87: =IF(F87="","",F87/SQRT(SUMSQ(F$6:F$105))) | Q87: =IF(G87="","",G87/SQRT(SUMSQ(G$6:G$105))) | R87: =IF(H87="","",H87/SQRT(SUMSQ(H$6:H$105))) | S87: =IF(I87="","",I87/SQRT(SUMSQ(I$6:I$105))) | T87: =IF(J87="","",J87/SQRT(SUMSQ(J$6:J$105))) | U87: =IF(L87="","",L87*DATA!B4) | V87: =IF(M87="","",M87*DATA!C4) | W87: =IF(N87="","",N87*DATA!D4) | X87: =IF(O87="","",O87*DATA!E4) | Y87: =IF(P87="","",P87*DATA!F4) | Z87: =IF(Q87="","",Q87*DATA!G4) | AA87: =IF(R87="","",R87*DATA!H4) | AB87: =IF(S87="","",S87*DATA!I4) | AC87: =IF(T87="","",T87*DATA!J4) | AD87: =IF(U87="","",SQRT(SUMPRODUCT((U87:AC87-#REF!)^2))) | AE87: =IF(U87="","",SQRT(SUMPRODUCT((U87:AC87-U114:AC114)^2))) | AF87: =IF(OR(AD87="",AE87=""),"",AE87/(AD87+AE87))
A88: =IF(DATA!A90="","",DATA!A90) | B88: =IF(DATA!B90="","",DATA!B90) | C88: =IF(DATA!C90="","",DATA!C90) | D88: =IF(DATA!D90="","",DATA!D90) | E88: =IF(DATA!E90="","",DATA!E90) | F88: =IF(DATA!F90="","",DATA!F90) | G88: =IF(DATA!G90="","",DATA!G90) | H88: =IF(DATA!H90="","",DATA!H90) | ... J88: =IF(DATA!J90="","",DATA!J90) | L88: =IF(B88="","",B88/SQRT(SUMSQ(B$6:B$105))) | M88: =IF(C88="","",C88/SQRT(SUMSQ(C$6:C$105))) | N88: =IF(D88="","",D88/SQRT(SUMSQ(D$6:D$105))) | O88: =IF(E88="","",E88/SQRT(SUMSQ(E$6:E$105))) | P88: =IF(F88="","",F88/SQRT(SUMSQ(F$6:F$105))) | Q88: =IF(G88="","",G88/SQRT(SUMSQ(G$6:G$105))) | R88: =IF(H88="","",H88/SQRT(SUMSQ(H$6:H$105))) | S88: =IF(I88="","",I88/SQRT(SUMSQ(I$6:I$105))) | T88: =IF(J88="","",J88/SQRT(SUMSQ(J$6:J$105))) | U88: =IF(L88="","",L88*DATA!B4) | V88: =IF(M88="","",M88*DATA!C4) | W88: =IF(N88="","",N88*DATA!D4) | X88: =IF(O88="","",O88*DATA!E4) | Y88: =IF(P88="","",P88*DATA!F4) | Z88: =IF(Q88="","",Q88*DATA!G4) | AA88: =IF(R88="","",R88*DATA!H4) | AB88: =IF(S88="","",S88*DATA!I4) | AC88: =IF(T88="","",T88*DATA!J4) | AD88: =IF(U88="","",SQRT(SUMPRODUCT((U88:AC88-#REF!)^2))) | AE88: =IF(U88="","",SQRT(SUMPRODUCT((U88:AC88-U114:AC114)^2))) | AF88: =IF(OR(AD88="",AE88=""),"",AE88/(AD88+AE88))
A89: =IF(DATA!A91="","",DATA!A91) | B89: =IF(DATA!B91="","",DATA!B91) | C89: =IF(DATA!C91="","",DATA!C91) | D89: =IF(DATA!D91="","",DATA!D91) | E89: =IF(DATA!E91="","",DATA!E91) | F89: =IF(DATA!F91="","",DATA!F91) | G89: =IF(DATA!G91="","",DATA!G91) | H89: =IF(DATA!H91="","",DATA!H91) | ... J89: =IF(DATA!J91="","",DATA!J91) | L89: =IF(B89="","",B89/SQRT(SUMSQ(B$6:B$105))) | M89: =IF(C89="","",C89/SQRT(SUMSQ(C$6:C$105))) | N89: =IF(D89="","",D89/SQRT(SUMSQ(D$6:D$105))) | O89: =IF(E89="","",E89/SQRT(SUMSQ(E$6:E$105))) | P89: =IF(F89="","",F89/SQRT(SUMSQ(F$6:F$105))) | Q89: =IF(G89="","",G89/SQRT(SUMSQ(G$6:G$105))) | R89: =IF(H89="","",H89/SQRT(SUMSQ(H$6:H$105))) | S89: =IF(I89="","",I89/SQRT(SUMSQ(I$6:I$105))) | T89: =IF(J89="","",J89/SQRT(SUMSQ(J$6:J$105))) | U89: =IF(L89="","",L89*DATA!B4) | V89: =IF(M89="","",M89*DATA!C4) | W89: =IF(N89="","",N89*DATA!D4) | X89: =IF(O89="","",O89*DATA!E4) | Y89: =IF(P89="","",P89*DATA!F4) | Z89: =IF(Q89="","",Q89*DATA!G4) | AA89: =IF(R89="","",R89*DATA!H4) | AB89: =IF(S89="","",S89*DATA!I4) | AC89: =IF(T89="","",T89*DATA!J4) | AD89: =IF(U89="","",SQRT(SUMPRODUCT((U89:AC89-#REF!)^2))) | AE89: =IF(U89="","",SQRT(SUMPRODUCT((U89:AC89-U114:AC114)^2))) | AF89: =IF(OR(AD89="",AE89=""),"",AE89/(AD89+AE89))
A90: =IF(DATA!A92="","",DATA!A92) | B90: =IF(DATA!B92="","",DATA!B92) | C90: =IF(DATA!C92="","",DATA!C92) | D90: =IF(DATA!D92="","",DATA!D92) | E90: =IF(DATA!E92="","",DATA!E92) | F90: =IF(DATA!F92="","",DATA!F92) | G90: =IF(DATA!G92="","",DATA!G92) | H90: =IF(DATA!H92="","",DATA!H92) | ... J90: =IF(DATA!J92="","",DATA!J92) | L90: =IF(B90="","",B90/SQRT(SUMSQ(B$6:B$105))) | M90: =IF(C90="","",C90/SQRT(SUMSQ(C$6:C$105))) | N90: =IF(D90="","",D90/SQRT(SUMSQ(D$6:D$105))) | O90: =IF(E90="","",E90/SQRT(SUMSQ(E$6:E$105))) | P90: =IF(F90="","",F90/SQRT(SUMSQ(F$6:F$105))) | Q90: =IF(G90="","",G90/SQRT(SUMSQ(G$6:G$105))) | R90: =IF(H90="","",H90/SQRT(SUMSQ(H$6:H$105))) | S90: =IF(I90="","",I90/SQRT(SUMSQ(I$6:I$105))) | T90: =IF(J90="","",J90/SQRT(SUMSQ(J$6:J$105))) | U90: =IF(L90="","",L90*DATA!B4) | V90: =IF(M90="","",M90*DATA!C4) | W90: =IF(N90="","",N90*DATA!D4) | X90: =IF(O90="","",O90*DATA!E4) | Y90: =IF(P90="","",P90*DATA!F4) | Z90: =IF(Q90="","",Q90*DATA!G4) | AA90: =IF(R90="","",R90*DATA!H4) | AB90: =IF(S90="","",S90*DATA!I4) | AC90: =IF(T90="","",T90*DATA!J4) | AD90: =IF(U90="","",SQRT(SUMPRODUCT((U90:AC90-#REF!)^2))) | AE90: =IF(U90="","",SQRT(SUMPRODUCT((U90:AC90-U114:AC114)^2))) | AF90: =IF(OR(AD90="",AE90=""),"",AE90/(AD90+AE90))
A91: =IF(DATA!A93="","",DATA!A93) | B91: =IF(DATA!B93="","",DATA!B93) | C91: =IF(DATA!C93="","",DATA!C93) | D91: =IF(DATA!D93="","",DATA!D93) | E91: =IF(DATA!E93="","",DATA!E93) | F91: =IF(DATA!F93="","",DATA!F93) | G91: =IF(DATA!G93="","",DATA!G93) | H91: =IF(DATA!H93="","",DATA!H93) | ... J91: =IF(DATA!J93="","",DATA!J93) | L91: =IF(B91="","",B91/SQRT(SUMSQ(B$6:B$105))) | M91: =IF(C91="","",C91/SQRT(SUMSQ(C$6:C$105))) | N91: =IF(D91="","",D91/SQRT(SUMSQ(D$6:D$105))) | O91: =IF(E91="","",E91/SQRT(SUMSQ(E$6:E$105))) | P91: =IF(F91="","",F91/SQRT(SUMSQ(F$6:F$105))) | Q91: =IF(G91="","",G91/SQRT(SUMSQ(G$6:G$105))) | R91: =IF(H91="","",H91/SQRT(SUMSQ(H$6:H$105))) | S91: =IF(I91="","",I91/SQRT(SUMSQ(I$6:I$105))) | T91: =IF(J91="","",J91/SQRT(SUMSQ(J$6:J$105))) | U91: =IF(L91="","",L91*DATA!B4) | V91: =IF(M91="","",M91*DATA!C4) | W91: =IF(N91="","",N91*DATA!D4) | X91: =IF(O91="","",O91*DATA!E4) | Y91: =IF(P91="","",P91*DATA!F4) | Z91: =IF(Q91="","",Q91*DATA!G4) | AA91: =IF(R91="","",R91*DATA!H4) | AB91: =IF(S91="","",S91*DATA!I4) | AC91: =IF(T91="","",T91*DATA!J4) | AD91: =IF(U91="","",SQRT(SUMPRODUCT((U91:AC91-#REF!)^2))) | AE91: =IF(U91="","",SQRT(SUMPRODUCT((U91:AC91-U114:AC114)^2))) | AF91: =IF(OR(AD91="",AE91=""),"",AE91/(AD91+AE91))
A92: =IF(DATA!A94="","",DATA!A94) | B92: =IF(DATA!B94="","",DATA!B94) | C92: =IF(DATA!C94="","",DATA!C94) | D92: =IF(DATA!D94="","",DATA!D94) | E92: =IF(DATA!E94="","",DATA!E94) | F92: =IF(DATA!F94="","",DATA!F94) | G92: =IF(DATA!G94="","",DATA!G94) | H92: =IF(DATA!H94="","",DATA!H94) | ... J92: =IF(DATA!J94="","",DATA!J94) | L92: =IF(B92="","",B92/SQRT(SUMSQ(B$6:B$105))) | M92: =IF(C92="","",C92/SQRT(SUMSQ(C$6:C$105))) | N92: =IF(D92="","",D92/SQRT(SUMSQ(D$6:D$105))) | O92: =IF(E92="","",E92/SQRT(SUMSQ(E$6:E$105))) | P92: =IF(F92="","",F92/SQRT(SUMSQ(F$6:F$105))) | Q92: =IF(G92="","",G92/SQRT(SUMSQ(G$6:G$105))) | R92: =IF(H92="","",H92/SQRT(SUMSQ(H$6:H$105))) | S92: =IF(I92="","",I92/SQRT(SUMSQ(I$6:I$105))) | T92: =IF(J92="","",J92/SQRT(SUMSQ(J$6:J$105))) | U92: =IF(L92="","",L92*DATA!B4) | V92: =IF(M92="","",M92*DATA!C4) | W92: =IF(N92="","",N92*DATA!D4) | X92: =IF(O92="","",O92*DATA!E4) | Y92: =IF(P92="","",P92*DATA!F4) | Z92: =IF(Q92="","",Q92*DATA!G4) | AA92: =IF(R92="","",R92*DATA!H4) | AB92: =IF(S92="","",S92*DATA!I4) | AC92: =IF(T92="","",T92*DATA!J4) | AD92: =IF(U92="","",SQRT(SUMPRODUCT((U92:AC92-#REF!)^2))) | AE92: =IF(U92="","",SQRT(SUMPRODUCT((U92:AC92-U114:AC114)^2))) | AF92: =IF(OR(AD92="",AE92=""),"",AE92/(AD92+AE92))
A93: =IF(DATA!A95="","",DATA!A95) | B93: =IF(DATA!B95="","",DATA!B95) | C93: =IF(DATA!C95="","",DATA!C95) | D93: =IF(DATA!D95="","",DATA!D95) | E93: =IF(DATA!E95="","",DATA!E95) | F93: =IF(DATA!F95="","",DATA!F95) | G93: =IF(DATA!G95="","",DATA!G95) | H93: =IF(DATA!H95="","",DATA!H95) | ... J93: =IF(DATA!J95="","",DATA!J95) | L93: =IF(B93="","",B93/SQRT(SUMSQ(B$6:B$105))) | M93: =IF(C93="","",C93/SQRT(SUMSQ(C$6:C$105))) | N93: =IF(D93="","",D93/SQRT(SUMSQ(D$6:D$105))) | O93: =IF(E93="","",E93/SQRT(SUMSQ(E$6:E$105))) | P93: =IF(F93="","",F93/SQRT(SUMSQ(F$6:F$105))) | Q93: =IF(G93="","",G93/SQRT(SUMSQ(G$6:G$105))) | R93: =IF(H93="","",H93/SQRT(SUMSQ(H$6:H$105))) | S93: =IF(I93="","",I93/SQRT(SUMSQ(I$6:I$105))) | T93: =IF(J93="","",J93/SQRT(SUMSQ(J$6:J$105))) | U93: =IF(L93="","",L93*DATA!B4) | V93: =IF(M93="","",M93*DATA!C4) | W93: =IF(N93="","",N93*DATA!D4) | X93: =IF(O93="","",O93*DATA!E4) | Y93: =IF(P93="","",P93*DATA!F4) | Z93: =IF(Q93="","",Q93*DATA!G4) | AA93: =IF(R93="","",R93*DATA!H4) | AB93: =IF(S93="","",S93*DATA!I4) | AC93: =IF(T93="","",T93*DATA!J4) | AD93: =IF(U93="","",SQRT(SUMPRODUCT((U93:AC93-#REF!)^2))) | AE93: =IF(U93="","",SQRT(SUMPRODUCT((U93:AC93-U114:AC114)^2))) | AF93: =IF(OR(AD93="",AE93=""),"",AE93/(AD93+AE93))
A94: =IF(DATA!A96="","",DATA!A96) | B94: =IF(DATA!B96="","",DATA!B96) | C94: =IF(DATA!C96="","",DATA!C96) | D94: =IF(DATA!D96="","",DATA!D96) | E94: =IF(DATA!E96="","",DATA!E96) | F94: =IF(DATA!F96="","",DATA!F96) | G94: =IF(DATA!G96="","",DATA!G96) | H94: =IF(DATA!H96="","",DATA!H96) | ... J94: =IF(DATA!J96="","",DATA!J96) | L94: =IF(B94="","",B94/SQRT(SUMSQ(B$6:B$105))) | M94: =IF(C94="","",C94/SQRT(SUMSQ(C$6:C$105))) | N94: =IF(D94="","",D94/SQRT(SUMSQ(D$6:D$105))) | O94: =IF(E94="","",E94/SQRT(SUMSQ(E$6:E$105))) | P94: =IF(F94="","",F94/SQRT(SUMSQ(F$6:F$105))) | Q94: =IF(G94="","",G94/SQRT(SUMSQ(G$6:G$105))) | R94: =IF(H94="","",H94/SQRT(SUMSQ(H$6:H$105))) | S94: =IF(I94="","",I94/SQRT(SUMSQ(I$6:I$105))) | T94: =IF(J94="","",J94/SQRT(SUMSQ(J$6:J$105))) | U94: =IF(L94="","",L94*DATA!B4) | V94: =IF(M94="","",M94*DATA!C4) | W94: =IF(N94="","",N94*DATA!D4) | X94: =IF(O94="","",O94*DATA!E4) | Y94: =IF(P94="","",P94*DATA!F4) | Z94: =IF(Q94="","",Q94*DATA!G4) | AA94: =IF(R94="","",R94*DATA!H4) | AB94: =IF(S94="","",S94*DATA!I4) | AC94: =IF(T94="","",T94*DATA!J4) | AD94: =IF(U94="","",SQRT(SUMPRODUCT((U94:AC94-#REF!)^2))) | AE94: =IF(U94="","",SQRT(SUMPRODUCT((U94:AC94-U114:AC114)^2))) | AF94: =IF(OR(AD94="",AE94=""),"",AE94/(AD94+AE94))
A95: =IF(DATA!A97="","",DATA!A97) | B95: =IF(DATA!B97="","",DATA!B97) | C95: =IF(DATA!C97="","",DATA!C97) | D95: =IF(DATA!D97="","",DATA!D97) | E95: =IF(DATA!E97="","",DATA!E97) | F95: =IF(DATA!F97="","",DATA!F97) | G95: =IF(DATA!G97="","",DATA!G97) | H95: =IF(DATA!H97="","",DATA!H97) | ... J95: =IF(DATA!J97="","",DATA!J97) | L95: =IF(B95="","",B95/SQRT(SUMSQ(B$6:B$105))) | M95: =IF(C95="","",C95/SQRT(SUMSQ(C$6:C$105))) | N95: =IF(D95="","",D95/SQRT(SUMSQ(D$6:D$105))) | O95: =IF(E95="","",E95/SQRT(SUMSQ(E$6:E$105))) | P95: =IF(F95="","",F95/SQRT(SUMSQ(F$6:F$105))) | Q95: =IF(G95="","",G95/SQRT(SUMSQ(G$6:G$105))) | R95: =IF(H95="","",H95/SQRT(SUMSQ(H$6:H$105))) | S95: =IF(I95="","",I95/SQRT(SUMSQ(I$6:I$105))) | T95: =IF(J95="","",J95/SQRT(SUMSQ(J$6:J$105))) | U95: =IF(L95="","",L95*DATA!B4) | V95: =IF(M95="","",M95*DATA!C4) | W95: =IF(N95="","",N95*DATA!D4) | X95: =IF(O95="","",O95*DATA!E4) | Y95: =IF(P95="","",P95*DATA!F4) | Z95: =IF(Q95="","",Q95*DATA!G4) | AA95: =IF(R95="","",R95*DATA!H4) | AB95: =IF(S95="","",S95*DATA!I4) | AC95: =IF(T95="","",T95*DATA!J4) | AD95: =IF(U95="","",SQRT(SUMPRODUCT((U95:AC95-#REF!)^2))) | AE95: =IF(U95="","",SQRT(SUMPRODUCT((U95:AC95-U114:AC114)^2))) | AF95: =IF(OR(AD95="",AE95=""),"",AE95/(AD95+AE95))
A96: =IF(DATA!A98="","",DATA!A98) | B96: =IF(DATA!B98="","",DATA!B98) | C96: =IF(DATA!C98="","",DATA!C98) | D96: =IF(DATA!D98="","",DATA!D98) | E96: =IF(DATA!E98="","",DATA!E98) | F96: =IF(DATA!F98="","",DATA!F98) | G96: =IF(DATA!G98="","",DATA!G98) | H96: =IF(DATA!H98="","",DATA!H98) | ... J96: =IF(DATA!J98="","",DATA!J98) | L96: =IF(B96="","",B96/SQRT(SUMSQ(B$6:B$105))) | M96: =IF(C96="","",C96/SQRT(SUMSQ(C$6:C$105))) | N96: =IF(D96="","",D96/SQRT(SUMSQ(D$6:D$105))) | O96: =IF(E96="","",E96/SQRT(SUMSQ(E$6:E$105))) | P96: =IF(F96="","",F96/SQRT(SUMSQ(F$6:F$105))) | Q96: =IF(G96="","",G96/SQRT(SUMSQ(G$6:G$105))) | R96: =IF(H96="","",H96/SQRT(SUMSQ(H$6:H$105))) | S96: =IF(I96="","",I96/SQRT(SUMSQ(I$6:I$105))) | T96: =IF(J96="","",J96/SQRT(SUMSQ(J$6:J$105))) | U96: =IF(L96="","",L96*DATA!B4) | V96: =IF(M96="","",M96*DATA!C4) | W96: =IF(N96="","",N96*DATA!D4) | X96: =IF(O96="","",O96*DATA!E4) | Y96: =IF(P96="","",P96*DATA!F4) | Z96: =IF(Q96="","",Q96*DATA!G4) | AA96: =IF(R96="","",R96*DATA!H4) | AB96: =IF(S96="","",S96*DATA!I4) | AC96: =IF(T96="","",T96*DATA!J4) | AD96: =IF(U96="","",SQRT(SUMPRODUCT((U96:AC96-#REF!)^2))) | AE96: =IF(U96="","",SQRT(SUMPRODUCT((U96:AC96-U114:AC114)^2))) | AF96: =IF(OR(AD96="",AE96=""),"",AE96/(AD96+AE96))
A97: =IF(DATA!A99="","",DATA!A99) | B97: =IF(DATA!B99="","",DATA!B99) | C97: =IF(DATA!C99="","",DATA!C99) | D97: =IF(DATA!D99="","",DATA!D99) | E97: =IF(DATA!E99="","",DATA!E99) | F97: =IF(DATA!F99="","",DATA!F99) | G97: =IF(DATA!G99="","",DATA!G99) | H97: =IF(DATA!H99="","",DATA!H99) | ... J97: =IF(DATA!J99="","",DATA!J99) | L97: =IF(B97="","",B97/SQRT(SUMSQ(B$6:B$105))) | M97: =IF(C97="","",C97/SQRT(SUMSQ(C$6:C$105))) | N97: =IF(D97="","",D97/SQRT(SUMSQ(D$6:D$105))) | O97: =IF(E97="","",E97/SQRT(SUMSQ(E$6:E$105))) | P97: =IF(F97="","",F97/SQRT(SUMSQ(F$6:F$105))) | Q97: =IF(G97="","",G97/SQRT(SUMSQ(G$6:G$105))) | R97: =IF(H97="","",H97/SQRT(SUMSQ(H$6:H$105))) | S97: =IF(I97="","",I97/SQRT(SUMSQ(I$6:I$105))) | T97: =IF(J97="","",J97/SQRT(SUMSQ(J$6:J$105))) | U97: =IF(L97="","",L97*DATA!B4) | V97: =IF(M97="","",M97*DATA!C4) | W97: =IF(N97="","",N97*DATA!D4) | X97: =IF(O97="","",O97*DATA!E4) | Y97: =IF(P97="","",P97*DATA!F4) | Z97: =IF(Q97="","",Q97*DATA!G4) | AA97: =IF(R97="","",R97*DATA!H4) | AB97: =IF(S97="","",S97*DATA!I4) | AC97: =IF(T97="","",T97*DATA!J4) | AD97: =IF(U97="","",SQRT(SUMPRODUCT((U97:AC97-#REF!)^2))) | AE97: =IF(U97="","",SQRT(SUMPRODUCT((U97:AC97-U114:AC114)^2))) | AF97: =IF(OR(AD97="",AE97=""),"",AE97/(AD97+AE97))
A98: =IF(DATA!A100="","",DATA!A100) | B98: =IF(DATA!B100="","",DATA!B100) | C98: =IF(DATA!C100="","",DATA!C100) | D98: =IF(DATA!D100="","",DATA!D100) | E98: =IF(DATA!E100="","",DATA!E100) | F98: =IF(DATA!F100="","",DATA!F100) | G98: =IF(DATA!G100="","",DATA!G100) | H98: =IF(DATA!H100="","",DATA!H100) | ... J98: =IF(DATA!J100="","",DATA!J100) | L98: =IF(B98="","",B98/SQRT(SUMSQ(B$6:B$105))) | M98: =IF(C98="","",C98/SQRT(SUMSQ(C$6:C$105))) | N98: =IF(D98="","",D98/SQRT(SUMSQ(D$6:D$105))) | O98: =IF(E98="","",E98/SQRT(SUMSQ(E$6:E$105))) | P98: =IF(F98="","",F98/SQRT(SUMSQ(F$6:F$105))) | Q98: =IF(G98="","",G98/SQRT(SUMSQ(G$6:G$105))) | R98: =IF(H98="","",H98/SQRT(SUMSQ(H$6:H$105))) | S98: =IF(I98="","",I98/SQRT(SUMSQ(I$6:I$105))) | T98: =IF(J98="","",J98/SQRT(SUMSQ(J$6:J$105))) | U98: =IF(L98="","",L98*DATA!B4) | V98: =IF(M98="","",M98*DATA!C4) | W98: =IF(N98="","",N98*DATA!D4) | X98: =IF(O98="","",O98*DATA!E4) | Y98: =IF(P98="","",P98*DATA!F4) | Z98: =IF(Q98="","",Q98*DATA!G4) | AA98: =IF(R98="","",R98*DATA!H4) | AB98: =IF(S98="","",S98*DATA!I4) | AC98: =IF(T98="","",T98*DATA!J4) | AD98: =IF(U98="","",SQRT(SUMPRODUCT((U98:AC98-#REF!)^2))) | AE98: =IF(U98="","",SQRT(SUMPRODUCT((U98:AC98-U114:AC114)^2))) | AF98: =IF(OR(AD98="",AE98=""),"",AE98/(AD98+AE98))
A99: =IF(DATA!A101="","",DATA!A101) | B99: =IF(DATA!B101="","",DATA!B101) | C99: =IF(DATA!C101="","",DATA!C101) | D99: =IF(DATA!D101="","",DATA!D101) | E99: =IF(DATA!E101="","",DATA!E101) | F99: =IF(DATA!F101="","",DATA!F101) | G99: =IF(DATA!G101="","",DATA!G101) | H99: =IF(DATA!H101="","",DATA!H101) | ... J99: =IF(DATA!J101="","",DATA!J101) | L99: =IF(B99="","",B99/SQRT(SUMSQ(B$6:B$105))) | M99: =IF(C99="","",C99/SQRT(SUMSQ(C$6:C$105))) | N99: =IF(D99="","",D99/SQRT(SUMSQ(D$6:D$105))) | O99: =IF(E99="","",E99/SQRT(SUMSQ(E$6:E$105))) | P99: =IF(F99="","",F99/SQRT(SUMSQ(F$6:F$105))) | Q99: =IF(G99="","",G99/SQRT(SUMSQ(G$6:G$105))) | R99: =IF(H99="","",H99/SQRT(SUMSQ(H$6:H$105))) | S99: =IF(I99="","",I99/SQRT(SUMSQ(I$6:I$105))) | T99: =IF(J99="","",J99/SQRT(SUMSQ(J$6:J$105))) | U99: =IF(L99="","",L99*DATA!B4) | V99: =IF(M99="","",M99*DATA!C4) | W99: =IF(N99="","",N99*DATA!D4) | X99: =IF(O99="","",O99*DATA!E4) | Y99: =IF(P99="","",P99*DATA!F4) | Z99: =IF(Q99="","",Q99*DATA!G4) | AA99: =IF(R99="","",R99*DATA!H4) | AB99: =IF(S99="","",S99*DATA!I4) | AC99: =IF(T99="","",T99*DATA!J4) | AD99: =IF(U99="","",SQRT(SUMPRODUCT((U99:AC99-#REF!)^2))) | AE99: =IF(U99="","",SQRT(SUMPRODUCT((U99:AC99-U114:AC114)^2))) | AF99: =IF(OR(AD99="",AE99=""),"",AE99/(AD99+AE99))
A100: =IF(DATA!A102="","",DATA!A102) | B100: =IF(DATA!B102="","",DATA!B102) | C100: =IF(DATA!C102="","",DATA!C102) | D100: =IF(DATA!D102="","",DATA!D102) | E100: =IF(DATA!E102="","",DATA!E102) | F100: =IF(DATA!F102="","",DATA!F102) | G100: =IF(DATA!G102="","",DATA!G102) | H100: =IF(DATA!H102="","",DATA!H102) | ... J100: =IF(DATA!J102="","",DATA!J102) | L100: =IF(B100="","",B100/SQRT(SUMSQ(B$6:B$105))) | M100: =IF(C100="","",C100/SQRT(SUMSQ(C$6:C$105))) | N100: =IF(D100="","",D100/SQRT(SUMSQ(D$6:D$105))) | O100: =IF(E100="","",E100/SQRT(SUMSQ(E$6:E$105))) | P100: =IF(F100="","",F100/SQRT(SUMSQ(F$6:F$105))) | Q100: =IF(G100="","",G100/SQRT(SUMSQ(G$6:G$105))) | R100: =IF(H100="","",H100/SQRT(SUMSQ(H$6:H$105))) | S100: =IF(I100="","",I100/SQRT(SUMSQ(I$6:I$105))) | T100: =IF(J100="","",J100/SQRT(SUMSQ(J$6:J$105))) | U100: =IF(L100="","",L100*DATA!B4) | V100: =IF(M100="","",M100*DATA!C4) | W100: =IF(N100="","",N100*DATA!D4) | X100: =IF(O100="","",O100*DATA!E4) | Y100: =IF(P100="","",P100*DATA!F4) | Z100: =IF(Q100="","",Q100*DATA!G4) | AA100: =IF(R100="","",R100*DATA!H4) | AB100: =IF(S100="","",S100*DATA!I4) | AC100: =IF(T100="","",T100*DATA!J4) | AD100: =IF(U100="","",SQRT(SUMPRODUCT((U100:AC100-#REF!)^2))) | AE100: =IF(U100="","",SQRT(SUMPRODUCT((U100:AC100-U114:AC114)^2))) | AF100: =IF(OR(AD100="",AE100=""),"",AE100/(AD100+AE100))
...

Sheet VIKOR
B1: Matrice normalisée | C1: pondération etc dispo sur !DATA
A2: Alternatives | B2: {=DATA!B2:J2} -> EF Single score | C2: Density (g/cm³) | D2: Tensile Modulus (GPa) | E2: Tensile Strength (MPa) | F2: Elongation at break (%) | G2: Flexural modulus (GPa) | H2: Flexural strength (MPa) | I2: CTE (µm/m·°C) | J2: Raw material cost (€/kg) | K2: Sᵢ (utilité globale) | L2: Rᵢ (regret individuel) | M2: Qᵢ (indice de compromis) | N2: Classement final | P2: Classement automatique | Q2: Score Q | R2: Rang
A6: =IF(DATA!A8="","",DATA!A8) -> Flax/Epoxy | B6: {=TOPSIS!L6:T105} -> 0.10892118 | C6: 0.15076037 | D6: 0.13938472 | E6: 0.22795849 | F6: 0.044610487 | G6: 0.15020122 | H6: 0.21957744 | I6: 0.31714563 | J6: 0.16033755 | K6: {=IF(SUM(B6:J6)=0,"",SUMPRODUCT((($B$110:$J$110 - B6:J6) / ($B$110:$J$110 - $B$111:$J$111)) * DATA!$B$7:$J$7))} -> 0.18103644 | L6: {=MAX((($B$110:$J$110 - B6:J6) / ($B$110:$J$110 - $B$111:$J$111)) * DATA!$B$7:$J$7)} -> 0.12013899 | M6: =0.5*(K6-$K$110)/($K$111-$K$110) + 0.5*(L6-$L$110)/($L$111-$L$110) -> 0.047064417 | N6: =RANK(M6,$M$6:$M$105,1) -> 1 | P6: =INDEX($A$6:$A$105,MATCH(ROW(A1),$N$6:$N$105,0)) -> Flax/Epoxy | Q6: =INDEX($M$6:$M$105,MATCH(ROW(A1),$N$6:$N$105,0)) -> 0.047064417 | R6: =SMALL($N$6:$N$105,ROW(A1)) -> 1
A7: =IF(DATA!A9="","",DATA!A9) -> Carbon/Epoxy | B7: 0.9193686 | C7: 0.15857758 | D7: 0.47789047 | E7: 0.7978547 | F7: 0.028501145 | G7: 0.51607598 | H7: 0.76640973 | I7: 0.047254699 | J7: 0.84388186 | K7: {=IF(SUM(B7:J7)=0,"",SUMPRODUCT((($B$110:$J$110 - B7:J7) / ($B$110:$J$110 - $B$111:$J$111)) * DATA!$B$7:$J$7))} -> 0.49906736 | L7: {=MAX((($B$110:$J$110 - B7:J7) / ($B$110:$J$110 - $B$111:$J$111)) * DATA!$B$7:$J$7)} -> 0.11377476 | M7: =0.5*(K7-$K$110)/($K$111-$K$110) + 0.5*(L7-$L$110)/($L$111-$L$110) -> 0.47032156 | N7: =RANK(M7,$M$6:$M$105,1) -> 5 | P7: =INDEX($A$6:$A$105,MATCH(ROW(A2),$N$6:$N$105,0)) -> Hemp/Epoxy | Q7: =INDEX($M$6:$M$105,MATCH(ROW(A2),$N$6:$N$105,0)) -> 0.20946966 | R7: =SMALL($N$6:$N$105,ROW(A2)) -> 2
A8: =IF(DATA!A10="","",DATA!A10) -> Glass/Epoxy | B8: 0.1273824 | C8: 0.20101383 | D8: 0.15929682 | E8: 0.42415227 | F8: 0.032218685 | G8: 0.16560647 | H8: 0.40748506 | I8: 0.55500485 | J8: 0.16877637 | K8: {=IF(SUM(B8:J8)=0,"",SUMPRODUCT((($B$110:$J$110 - B8:J8) / ($B$110:$J$110 - $B$111:$J$111)) * DATA!$B$7:$J$7))} -> 0.35381245 | L8: {=MAX((($B$110:$J$110 - B8:J8) / ($B$110:$J$110 - $B$111:$J$111)) * DATA!$B$7:$J$7)} -> 0.22601941 | M8: =0.5*(K8-$K$110)/($K$111-$K$110) + 0.5*(L8-$L$110)/($L$111-$L$110) -> 0.74473246 | N8: =RANK(M8,$M$6:$M$105,1) -> 7 | P8: =INDEX($A$6:$A$105,MATCH(ROW(A3),$N$6:$N$105,0)) -> Aluminium template | Q8: =INDEX($M$6:$M$105,MATCH(ROW(A3),$N$6:$N$105,0)) -> 0.2967486 | R8: =SMALL($N$6:$N$105,ROW(A3)) -> 3
A9: =IF(DATA!A11="","",DATA!A11) -> Aluminium template | B9: 0.29168723 | C9: 0.30152074 | D9: 0.27876944 | E9: 0.1233218 | F9: 0.084264254 | G9: 0.26959193 | H9: 0.1372359 | I9: 0.36471747 | J9: 0.42194093 | K9: {=IF(SUM(B9:J9)=0,"",SUMPRODUCT((($B$110:$J$110 - B9:J9) / ($B$110:$J$110 - $B$111:$J$111)) * DATA!$B$7:$J$7))} -> 0.29335564 | L9: {=MAX((($B$110:$J$110 - B9:J9) / ($B$110:$J$110 - $B$111:$J$111)) * DATA!$B$7:$J$7)} -> 0.14131507 | M9: =0.5*(K9-$K$110)/($K$111-$K$110) + 0.5*(L9-$L$110)/($L$111-$L$110) -> 0.2967486 | N9: =RANK(M9,$M$6:$M$105,1) -> 3 | P9: =INDEX($A$6:$A$105,MATCH(ROW(A4),$N$6:$N$105,0)) -> Jute/epoxy | Q9: =INDEX($M$6:$M$105,MATCH(ROW(A4),$N$6:$N$105,0)) -> 0.37376611 | R9: =SMALL($N$6:$N$105,ROW(A4)) -> 4
A10: =IF(DATA!A12="","",DATA!A12) -> Chromium steel template | B10: 0.14215137 | C10: 0.88222736 | D10: 0.79648411 | E10: 0.28027683 | F10: 0.99134417 | G10: 0.77026266 | H10: 0.38003788 | I10: 0.26957378 | J10: 0.10548523 | K10: {=IF(SUM(B10:J10)=0,"",SUMPRODUCT((($B$110:$J$110 - B10:J10) / ($B$110:$J$110 - $B$111:$J$111)) * DATA!$B$7:$J$7))} -> 0.53402601 | L10: {=MAX((($B$110:$J$110 - B10:J10) / ($B$110:$J$110 - $B$111:$J$111)) * DATA!$B$7:$J$7)} -> 0.10913698 | M10: =0.5*(K10-$K$110)/($K$111-$K$110) + 0.5*(L10-$L$110)/($L$111-$L$110) -> 0.5 | N10: =RANK(M10,$M$6:$M$105,1) -> 6 | P10: =INDEX($A$6:$A$105,MATCH(ROW(A5),$N$6:$N$105,0)) -> Carbon/Epoxy | Q10: =INDEX($M$6:$M$105,MATCH(ROW(A5),$N$6:$N$105,0)) -> 0.47032156 | R10: =SMALL($N$6:$N$105,ROW(A5)) -> 5
A11: =IF(DATA!A13="","",DATA!A13) -> Hemp/Epoxy | B11: 0.10153669 | C11: 0.1462934 | D11: 0.11150778 | E11: 0.14873357 | F11: 0.049567208 | G11: 0.12324202 | H11: 0.14356987 | I11: 0.39643204 | J11: 0.16877637 | K11: {=IF(SUM(B11:J11)=0,"",SUMPRODUCT((($B$110:$J$110 - B11:J11) / ($B$110:$J$110 - $B$111:$J$111)) * DATA!$B$7:$J$7))} -> 0.18910346 | L11: {=MAX((($B$110:$J$110 - B11:J11) / ($B$110:$J$110 - $B$111:$J$111)) * DATA!$B$7:$J$7)} -> 0.15543246 | M11: =0.5*(K11-$K$110)/($K$111-$K$110) + 0.5*(L11-$L$110)/($L$111-$L$110) -> 0.20946966 | N11: =RANK(M11,$M$6:$M$105,1) -> 2 | P11: =INDEX($A$6:$A$105,MATCH(ROW(A6),$N$6:$N$105,0)) -> Chromium steel template | Q11: =INDEX($M$6:$M$105,MATCH(ROW(A6),$N$6:$N$105,0)) -> 0.5 | R11: =SMALL($N$6:$N$105,ROW(A6)) -> 6
A12: =IF(DATA!A14="","",DATA!A14) -> Jute/epoxy | B12: 0.10522894 | C12: 0.14517665 | D12: 0.047789047 | E12: 0.12519032 | F12: 0.06195901 | G12: 0.050067073 | H12: 0.12034533 | I12: 0.47571844 | J12: 0.12658228 | K12: {=IF(SUM(B12:J12)=0,"",SUMPRODUCT((($B$110:$J$110 - B12:J12) / ($B$110:$J$110 - $B$111:$J$111)) * DATA!$B$7:$J$7))} -> 0.19850563 | L12: {=MAX((($B$110:$J$110 - B12:J12) / ($B$110:$J$110 - $B$111:$J$111)) * DATA!$B$7:$J$7)} -> 0.19072594 | M12: =0.5*(K12-$K$110)/($K$111-$K$110) + 0.5*(L12-$L$110)/($L$111-$L$110) -> 0.37376611 | N12: =RANK(M12,$M$6:$M$105,1) -> 4 | P12: =INDEX($A$6:$A$105,MATCH(ROW(A7),$N$6:$N$105,0)) -> Glass/Epoxy | Q12: =INDEX($M$6:$M$105,MATCH(ROW(A7),$N$6:$N$105,0)) -> 0.74473246 | R12: =SMALL($N$6:$N$105,ROW(A7)) -> 7
A13: =IF(DATA!A15="","",DATA!A15) | K13: {=IF(SUM(B13:J13)=0,"",SUMPRODUCT((($B$110:$J$110 - B13:J13) / ($B$110:$J$110 - $B$111:$J$111)) * DATA!$B$7:$J$7))} | P13: =INDEX($A$6:$A$105,MATCH(ROW(A8),$N$6:$N$105,0)) -> #N/A | Q13: =INDEX($M$6:$M$105,MATCH(ROW(A8),$N$6:$N$105,0)) -> #N/A | R13: =SMALL($N$6:$N$105,ROW(A8)) -> #NUM!
A14: =IF(DATA!A16="","",DATA!A16) | K14: {=IF(SUM(B14:J14)=0,"",SUMPRODUCT((($B$110:$J$110 - B14:J14) / ($B$110:$J$110 - $B$111:$J$111)) * DATA!$B$7:$J$7))} | P14: =INDEX($A$6:$A$105,MATCH(ROW(A9),$N$6:$N$105,0)) -> #N/A | Q14: =INDEX($M$6:$M$105,MATCH(ROW(A9),$N$6:$N$105,0)) -> #N/A | R14: =SMALL($N$6:$N$105,ROW(A9)) -> #NUM!
A15: =IF(DATA!A17="","",DATA!A17) | K15: {=IF(SUM(B15:J15)=0,"",SUMPRODUCT((($B$110:$J$110 - B15:J15) / ($B$110:$J$110 - $B$111:$J$111)) * DATA!$B$7:$J$7))} | P15: =INDEX($A$6:$A$105,MATCH(ROW(A10),$N$6:$N$105,0)) -> #N/A | Q15: =INDEX($M$6:$M$105,MATCH(ROW(A10),$N$6:$N$105,0)) -> #N/A | R15: =SMALL($N$6:$N$105,ROW(A10)) -> #NUM!
A16: =IF(DATA!A18="","",DATA!A18) | K16: {=IF(SUM(B16:J16)=0,"",SUMPRODUCT((($B$110:$J$110 - B16:J16) / ($B$110:$J$110 - $B$111:$J$111)) * DATA!$B$7:$J$7))} | P16: =INDEX($A$6:$A$105,MATCH(ROW(A11),$N$6:$N$105,0)) -> #N/A | Q16: =INDEX($M$6:$M$105,MATCH(ROW(A11),$N$6:$N$105,0)) -> #N/A | R16: =SMALL($N$6:$N$105,ROW(A11)) -> #NUM!
A17: =IF(DATA!A19="","",DATA!A19) | K17: {=IF(SUM(B17:J17)=0,"",SUMPRODUCT((($B$110:$J$110 - B17:J17) / ($B$110:$J$110 - $B$111:$J$111)) * DATA!$B$7:$J$7))} | P17: =INDEX($A$6:$A$105,MATCH(ROW(A12),$N$6:$N$105,0)) -> #N/A | Q17: =INDEX($M$6:$M$105,MATCH(ROW(A12),$N$6:$N$105,0)) -> #N/A | R17: =SMALL($N$6:$N$105,ROW(A12)) -> #NUM!
A18: =IF(DATA!A20="","",DATA!A20) | K18: {=IF(SUM(B18:J18)=0,"",SUMPRODUCT((($B$110:$J$110 - B18:J18) / ($B$110:$J$110 - $B$111:$J$111)) * DATA!$B$7:$J$7))} | P18: =INDEX($A$6:$A$105,MATCH(ROW(A13),$N$6:$N$105,0)) -> #N/A | Q18: =INDEX($M$6:$M$105,MATCH(ROW(A13),$N$6:$N$105,0)) -> #N/A | R18: =SMALL($N$6:$N$105,ROW(A13)) -> #NUM!
A19: =IF(DATA!A21="","",DATA!A21) | K19: {=IF(SUM(B19:J19)=0,"",SUMPRODUCT((($B$110:$J$110 - B19:J19) / ($B$110:$J$110 - $B$111:$J$111)) * DATA!$B$7:$J$7))} | P19: =INDEX($A$6:$A$105,MATCH(ROW(A14),$N$6:$N$105,0)) -> #N/A | Q19: =INDEX($M$6:$M$105,MATCH(ROW(A14),$N$6:$N$105,0)) -> #N/A | R19: =SMALL($N$6:$N$105,ROW(A14)) -> #NUM!
A20: =IF(DATA!A22="","",DATA!A22) | K20: {=IF(SUM(B20:J20)=0,"",SUMPRODUCT((($B$110:$J$110 - B20:J20) / ($B$110:$J$110 - $B$111:$J$111)) * DATA!$B$7:$J$7))} | P20: =INDEX($A$6:$A$105,MATCH(ROW(A15),$N$6:$N$105,0)) -> #N/A | Q20: =INDEX($M$6:$M$105,MATCH(ROW(A15),$N$6:$N$105,0)) -> #N/A | R20: =SMALL($N$6:$N$105,ROW(A15)) -> #NUM!
A21: =IF(DATA!A23="","",DATA!A23) | K21: {=IF(SUM(B21:J21)=0,"",SUMPRODUCT((($B$110:$J$110 - B21:J21) / ($B$110:$J$110 - $B$111:$J$111)) * DATA!$B$7:$J$7))} | P21: =INDEX($A$6:$A$105,MATCH(ROW(A16),$N$6:$N$105,0)) -> #N/A | Q21: =INDEX($M$6:$M$105,MATCH(ROW(A16),$N$6:$N$105,0)) -> #N/A | R21: =SMALL($N$6:$N$105,ROW(A16)) -> #NUM!
A22: =IF(DATA!A24="","",DATA!A24) | K22: {=IF(SUM(B22:J22)=0,"",SUMPRODUCT((($B$110:$J$110 - B22:J22) / ($B$110:$J$110 - $B$111:$J$111)) * DATA!$B$7:$J$7))} | P22: =INDEX($A$6:$A$105,MATCH(ROW(A17),$N$6:$N$105,0)) -> #N/A | Q22: =INDEX($M$6:$M$105,MATCH(ROW(A17),$N$6:$N$105,0)) -> #N/A | R22: =SMALL($N$6:$N$105,ROW(A17)) -> #NUM!
A23: =IF(DATA!A25="","",DATA!A25) | K23: {=IF(SUM(B23:J23)=0,"",SUMPRODUCT((($B$110:$J$110 - B23:J23) / ($B$110:$J$110 - $B$111:$J$111)) * DATA!$B$7:$J$7))}
A24: =IF(DATA!A26="","",DATA!A26) | K24: {=IF(SUM(B24:J24)=0,"",SUMPRODUCT((($B$110:$J$110 - B24:J24) / ($B$110:$J$110 - $B$111:$J$111)) * DATA!$B$7:$J$7))}
A25: =IF(DATA!A27="","",DATA!A27) | K25: {=IF(SUM(B25:J25)=0,"",SUMPRODUCT((($B$110:$J$110 - B25:J25) / ($B$110:$J$110 - $B$111:$J$111)) * DATA!$B$7:$J$7))}
A26: =IF(DATA!A28="","",DATA!A28) | K26: {=IF(SUM(B26:J26)=0,"",SUMPRODUCT((($B$110:$J$110 - B26:J26) / ($B$110:$J$110 - $B$111:$J$111)) * DATA!$B$7:$J$7))}
A27: =IF(DATA!A29="","",DATA!A29) | K27: {=IF(SUM(B27:J27)=0,"",SUMPRODUCT((($B$110:$J$110 - B27:J27) / ($B$110:$J$110 - $B$111:$J$111)) * DATA!$B$7:$J$7))}
A28: =IF(DATA!A30="","",DATA!A30) | K28: {=IF(SUM(B28:J28)=0,"",SUMPRODUCT((($B$110:$J$110 - B28:J28) / ($B$110:$J$110 - $B$111:$J$111)) * DATA!$B$7:$J$7))}
A29: =IF(DATA!A31="","",DATA!A31) | K29: {=IF(SUM(B29:J29)=0,"",SUMPRODUCT((($B$110:$J$110 - B29:J29) / ($B$110:$J$110 - $B$111:$J$111)) * DATA!$B$7:$J$7))}
A30: =IF(DATA!A32="","",DATA!A32) | K30: {=IF(SUM(B30:J30)=0,"",SUMPRODUCT((($B$110:$J$110 - B30:J30) / ($B$110:$J$110 - $B$111:$J$111)) * DATA!$B$7:$J$7))}
A31: =IF(DATA!A33="","",DATA!A33) | K31: {=IF(SUM(B31:J31)=0,"",SUMPRODUCT((($B$110:$J$110 - B31:J31) / ($B$110:$J$110 - $B$111:$J$111)) * DATA!$B$7:$J$7))}
A32: =IF(DATA!A34="","",DATA!A34) | K32: {=IF(SUM(B32:J32)=0,"",SUMPRODUCT((($B$110:$J$110 - B32:J32) / ($B$110:$J$110 - $B$111:$J$111)) * DATA!$B$7:$J$7))}
A33: =IF(DATA!A35="","",DATA!A35) | K33: {=IF(SUM(B33:J33)=0,"",SUMPRODUCT((($B$110:$J$110 - B33:J33) / ($B$110:$J$110 - $B$111:$J$111)) * DATA!$B$7:$J$7))}
A34: =IF(DATA!A36="","",DATA!A36) | K34: {=IF(SUM(B34:J34)=0,"",SUMPRODUCT((($B$110:$J$110 - B34:J34) / ($B$110:$J$110 - $B$111:$J$111)) * DATA!$B$7:$J$7))}
... A105: =IF(DATA!A107="","",DATA!A107) | K105: {=IF(SUM(B105:J105)=0,"",SUMPRODUCT((($B$110:$J$110 - B105:J105) / ($B$110:$J$110 - $B$111:$J$111)) * DATA!$B$7:$J$7))}
A110: Détermination des valeurs idéales f* | B110: =IF(B$2="benefice",MAX(B$6:B$105),MIN(B$6:B$105)) -> 0.10153669 | C110: =IF(C$2="benefice",MAX(C$6:C$105),MIN(C$6:C$105)) -> 0.14517665 | D110: =IF(D$2="benefice",MAX(D$6:D$105),MIN(D$6:D$105)) -> 0.047789047 | E110: =IF(E$2="benefice",MAX(E$6:E$105),MIN(E$6:E$105)) -> 0.1233218 | F110: =IF(F$2="benefice",MAX(F$6:F$105),MIN(F$6:F$105)) -> 0.028501145 | G110: =IF(G$2="benefice",MAX(G$6:G$105),MIN(G$6:G$105)) -> 0.050067073 | H110: =IF(H$2="benefice",MAX(H$6:H$105),MIN(H$6:H$105)) -> 0.12034533 | I110: =IF(I$2="benefice",MAX(I$6:I$105),MIN(I$6:I$105)) -> 0.047254699 | J110: =IF(J$2="benefice",MAX(J$6:J$105),MIN(J$6:J$105)) -> 0.10548523 | K110: =MIN(K6:K105) -> 0.18103644 | L110: =MIN(L6:L105) -> 0.10913698
A111: f− | B111: =IF(B$2="benefice",MIN(B$6:B$105),MAX(B$6:B$105)) -> 0.9193686 | C111: =IF(C$2="benefice",MIN(C$6:C$105),MAX(C$6:C$105)) -> 0.88222736 | D111: =IF(D$2="benefice",MIN(D$6:D$105),MAX(D$6:D$105)) -> 0.79648411 | E111: =IF(E$2="benefice",MIN(E$6:E$105),MAX(E$6:E$105)) -> 0.7978547 | F111: =IF(F$2="benefice",MIN(F$6:F$105),MAX(F$6:F$105)) -> 0.99134417 | G111: =IF(G$2="benefice",MIN(G$6:G$105),MAX(G$6:G$105)) -> 0.77026266 | H111: =IF(H$2="benefice",MIN(H$6:H$105),MAX(H$6:H$105)) -> 0.76640973 | I111: =IF(I$2="benefice",MIN(I$6:I$105),MAX(I$6:I$105)) -> 0.55500485 | J111: =IF(J$2="benefice",MIN(J$6:J$105),MAX(J$6:J$105)) -> 0.84388186 | K111: =MAX(K6:K105) -> 0.53402601 | L111: =MAX(L6:L105) -> 0.22601941

Sheet ARAS
A1: Alternatives | B1: {=DATA!B2:J2} -> EF Single score | C1: Density (g/cm³) | D1: Tensile Modulus (GPa) | E1: Tensile Strength (MPa) | F1: Elongation at break (%) | G1: Flexural modulus (GPa) | H1: Flexural strength (MPa) | I1: CTE (µm/m·°C) | J1: Raw material cost (€/kg) | K1: Normalisation ARAS | L1: Normalisation ARAS | M1: Normalisation ARAS | N1: Normalisation ARAS | O1: Normalisation ARAS | P1: Normalisation ARAS | Q1: Normalisation ARAS | R1: Normalisation ARAS | S1: Normalisation ARAS | T1: Pondération des critères | U1: Coefficient d’utilité Ki | V1: Classement final | W1: Classement auto | X1: Coefficient K | Y1: Rang
B2: {=DATA!B3:J3} -> cout | C2: cout | D2: benefice | E2: benefice | F2: benefice | G2: benefice | H2: benefice | I2: cout | J2: cout
A6: =IF(DATA!A8="","",DATA!A8) -> Flax/Epoxy | B6: {=DATA!B8:J14} -> 0.59 | C6: 1.35 | D6: 35 | E6: 610 | F6: 1.8 | G6: 39 | H6: 520 | I6: 2e-05 | J6: 3.8 | K6: {=IF(B$2="benefice",B6/SUM(B$6:B$12),MIN(IF(B$6:B$12>0,B$6:B$12))/B6)} -> 0.93220339 | L6: {=IF(C$2="benefice",C6/SUM(C$6:C$12),MIN(IF(C$6:C$12>0,C$6:C$12))/C6)} -> 0.96296296 | M6: {=IF(D$2="benefice",D6/SUM(D$6:D$12),MIN(IF(D$6:D$12>0,D$6:D$12))/D6)} -> 0.069306931 | N6: {=IF(E$2="benefice",E6/SUM(E$6:E$12),MIN(IF(E$6:E$12>0,E$6:E$12))/E6)} -> 0.10714913 | O6: {=IF(F$2="benefice",F6/SUM(F$6:F$12),MIN(IF(F$6:F$12>0,F$6:F$12))/F6)} -> 0.03451582 | P6: {=IF(G$2="benefice",G6/SUM(G$6:G$12),MIN(IF(G$6:G$12>0,G$6:G$12))/G6)} -> 0.073446328 | Q6: {=IF(H$2="benefice",H6/SUM(H$6:H$12),MIN(IF(H$6:H$12>0,H$6:H$12))/H6)} -> 0.10097087 | R6: {=IF(I$2="benefice",I6/SUM(I$6:I$12),MIN(IF(I$6:I$12>0,I$6:I$12))/I6)} -> 0.149 | S6: {=IF(J$2="benefice",J6/SUM(J$6:J$12),MIN(IF(J$6:J$12>0,J$6:J$12))/J6)} -> 0.65789474 | T6: =SUMPRODUCT(K6:S6,DATA!$B$7:$J$7) -> 0.34209543 | U6: =T6/$T$14 -> 0.74804493 | V6: =RANK(U6,$U$6:$U$12,0) -> 4 | W6: {=_xlfn._xlws.SORT(_xlfn._xlws.FILTER(_xlfn.CHOOSECOLS(A6:V12,1,21,22),A6:A12<>""),2,-1)} -> Carbon/Epoxy | X6: 1 | Y6: 1
A7: =IF(DATA!A9="","",DATA!A9) -> Carbon/Epoxy | B7: 4.98 | C7: 1.42 | D7: 120 | E7: 2135 | F7: 1.15 | G7: 134 | H7: 1815 | I7: 2.98e-06 | J7: 20 | K7: {=IF(B$2="benefice",B7/SUM(B$6:B$12),MIN(IF(B$6:B$12>0,B$6:B$12))/B7)} -> 0.11044177 | L7: {=IF(C$2="benefice",C7/SUM(C$6:C$12),MIN(IF(C$6:C$12>0,C$6:C$12))/C7)} -> 0.91549296 | M7: {=IF(D$2="benefice",D7/SUM(D$6:D$12),MIN(IF(D$6:D$12>0,D$6:D$12))/D7)} -> 0.23762376 | N7: {=IF(E$2="benefice",E7/SUM(E$6:E$12),MIN(IF(E$6:E$12>0,E$6:E$12))/E7)} -> 0.37502196 | O7: {=IF(F$2="benefice",F7/SUM(F$6:F$12),MIN(IF(F$6:F$12>0,F$6:F$12))/F7)} -> 0.022051774 | P7: {=IF(G$2="benefice",G7/SUM(G$6:G$12),MIN(IF(G$6:G$12>0,G$6:G$12))/G7)} -> 0.25235405 | Q7: {=IF(H$2="benefice",H7/SUM(H$6:H$12),MIN(IF(H$6:H$12>0,H$6:H$12))/H7)} -> 0.35242718 | R7: {=IF(I$2="benefice",I7/SUM(I$6:I$12),MIN(IF(I$6:I$12>0,I$6:I$12))/I7)} -> 1 | S7: {=IF(J$2="benefice",J7/SUM(J$6:J$12),MIN(IF(J$6:J$12>0,J$6:J$12))/J7)} -> 0.125 | T7: =SUMPRODUCT(K7:S7,DATA!$B$7:$J$7) -> 0.45731936 | U7: =T7/$T$14 -> 1 | V7: =RANK(U7,$U$6:$U$12,0) -> 1 | W7: Chromium steel template | X7: 0.91211228 | Y7: 2
A8: =IF(DATA!A10="","",DATA!A10) -> Glass/Epoxy | B8: 0.69 | C8: 1.8 | D8: 40 | E8: 1135 | F8: 1.3 | G8: 43 | H8: 965 | I8: 3.5e-05 | J8: 4 | K8: {=IF(B$2="benefice",B8/SUM(B$6:B$12),MIN(IF(B$6:B$12>0,B$6:B$12))/B8)} -> 0.79710145 | L8: {=IF(C$2="benefice",C8/SUM(C$6:C$12),MIN(IF(C$6:C$12>0,C$6:C$12))/C8)} -> 0.72222222 | M8: {=IF(D$2="benefice",D8/SUM(D$6:D$12),MIN(IF(D$6:D$12>0,D$6:D$12))/D8)} -> 0.079207921 | N8: {=IF(E$2="benefice",E8/SUM(E$6:E$12),MIN(IF(E$6:E$12>0,E$6:E$12))/E8)} -> 0.19936764 | O8: {=IF(F$2="benefice",F8/SUM(F$6:F$12),MIN(IF(F$6:F$12>0,F$6:F$12))/F8)} -> 0.024928092 | P8: {=IF(G$2="benefice",G8/SUM(G$6:G$12),MIN(IF(G$6:G$12>0,G$6:G$12))/G8)} -> 0.080979284 | Q8: {=IF(H$2="benefice",H8/SUM(H$6:H$12),MIN(IF(H$6:H$12>0,H$6:H$12))/H8)} -> 0.18737864 | R8: {=IF(I$2="benefice",I8/SUM(I$6:I$12),MIN(IF(I$6:I$12>0,I$6:I$12))/I8)} -> 0.085142857 | S8: {=IF(J$2="benefice",J8/SUM(J$6:J$12),MIN(IF(J$6:J$12>0,J$6:J$12))/J8)} -> 0.625 | T8: =SUMPRODUCT(K8:S8,DATA!$B$7:$J$7) -> 0.30102207 | U8: =T8/$T$14 -> 0.65823164 | V8: =RANK(U8,$U$6:$U$12,0) -> 6 | W8: Jute/epoxy | X8: 0.75130328 | Y8: 3
A9: =IF(DATA!A11="","",DATA!A11) -> Aluminium template | B9: 1.58 | C9: 2.7 | D9: 70 | E9: 330 | F9: 3.4 | G9: 70 | H9: 325 | I9: 2.3e-05 | J9: 10 | K9: {=IF(B$2="benefice",B9/SUM(B$6:B$12),MIN(IF(B$6:B$12>0,B$6:B$12))/B9)} -> 0.34810127 | L9: {=IF(C$2="benefice",C9/SUM(C$6:C$12),MIN(IF(C$6:C$12>0,C$6:C$12))/C9)} -> 0.48148148 | M9: {=IF(D$2="benefice",D9/SUM(D$6:D$12),MIN(IF(D$6:D$12>0,D$6:D$12))/D9)} -> 0.13861386 | N9: {=IF(E$2="benefice",E9/SUM(E$6:E$12),MIN(IF(E$6:E$12>0,E$6:E$12))/E9)} -> 0.057965923 | O9: {=IF(F$2="benefice",F9/SUM(F$6:F$12),MIN(IF(F$6:F$12>0,F$6:F$12))/F9)} -> 0.065196548 | P9: {=IF(G$2="benefice",G9/SUM(G$6:G$12),MIN(IF(G$6:G$12>0,G$6:G$12))/G9)} -> 0.13182674 | Q9: {=IF(H$2="benefice",H9/SUM(H$6:H$12),MIN(IF(H$6:H$12>0,H$6:H$12))/H9)} -> 0.063106796 | R9: {=IF(I$2="benefice",I9/SUM(I$6:I$12),MIN(IF(I$6:I$12>0,I$6:I$12))/I9)} -> 0.12956522 | S9: {=IF(J$2="benefice",J9/SUM(J$6:J$12),MIN(IF(J$6:J$12>0,J$6:J$12))/J9)} -> 0.25 | T9: =SUMPRODUCT(K9:S9,DATA!$B$7:$J$7) -> 0.18461109 | U9: =T9/$T$14 -> 0.40368089 | V9: =RANK(U9,$U$6:$U$12,0) -> 7 | W9: Flax/Epoxy | X9: 0.74804493 | Y9: 4
A10: =IF(DATA!A12="","",DATA!A12) -> Chromium steel template | B10: 0.77 | C10: 7.9 | D10: 200 | E10: 750 | F10: 40 | G10: 200 | H10: 900 | I10: 1.7e-05 | J10: 2.5 | K10: {=IF(B$2="benefice",B10/SUM(B$6:B$12),MIN(IF(B$6:B$12>0,B$6:B$12))/B10)} -> 0.71428571 | L10: {=IF(C$2="benefice",C10/SUM(C$6:C$12),MIN(IF(C$6:C$12>0,C$6:C$12))/C10)} -> 0.16455696 | M10: {=IF(D$2="benefice",D10/SUM(D$6:D$12),MIN(IF(D$6:D$12>0,D$6:D$12))/D10)} -> 0.3960396 | N10: {=IF(E$2="benefice",E10/SUM(E$6:E$12),MIN(IF(E$6:E$12>0,E$6:E$12))/E10)} -> 0.13174073 | O10: {=IF(F$2="benefice",F10/SUM(F$6:F$12),MIN(IF(F$6:F$12>0,F$6:F$12))/F10)} -> 0.76701822 | P10: {=IF(G$2="benefice",G10/SUM(G$6:G$12),MIN(IF(G$6:G$12>0,G$6:G$12))/G10)} -> 0.37664783 | Q10: {=IF(H$2="benefice",H10/SUM(H$6:H$12),MIN(IF(H$6:H$12>0,H$6:H$12))/H10)} -> 0.17475728 | R10: {=IF(I$2="benefice",I10/SUM(I$6:I$12),MIN(IF(I$6:I$12>0,I$6:I$12))/I10)} -> 0.17529412 | S10: {=IF(J$2="benefice",J10/SUM(J$6:J$12),MIN(IF(J$6:J$12>0,J$6:J$12))/J10)} -> 1 | T10: =SUMPRODUCT(K10:S10,DATA!$B$7:$J$7) -> 0.4171266 | U10: =T10/$T$14 -> 0.91211228 | V10: =RANK(U10,$U$6:$U$12,0) -> 2 | W10: Hemp/Epoxy | X10: 0.72907592 | Y10: 5
A11: =IF(DATA!A13="","",DATA!A13) -> Hemp/Epoxy | B11: 0.55 | C11: 1.31 | D11: 28 | E11: 398 | F11: 2 | G11: 32 | H11: 340 | I11: 2.5e-05 | J11: 4 | K11: {=IF(B$2="benefice",B11/SUM(B$6:B$12),MIN(IF(B$6:B$12>0,B$6:B$12))/B11)} -> 1 | L11: {=IF(C$2="benefice",C11/SUM(C$6:C$12),MIN(IF(C$6:C$12>0,C$6:C$12))/C11)} -> 0.99236641 | M11: {=IF(D$2="benefice",D11/SUM(D$6:D$12),MIN(IF(D$6:D$12>0,D$6:D$12))/D11)} -> 0.055445545 | N11: {=IF(E$2="benefice",E11/SUM(E$6:E$12),MIN(IF(E$6:E$12>0,E$6:E$12))/E11)} -> 0.069910416 | O11: {=IF(F$2="benefice",F11/SUM(F$6:F$12),MIN(IF(F$6:F$12>0,F$6:F$12))/F11)} -> 0.038350911 | P11: {=IF(G$2="benefice",G11/SUM(G$6:G$12),MIN(IF(G$6:G$12>0,G$6:G$12))/G11)} -> 0.060263653 | Q11: {=IF(H$2="benefice",H11/SUM(H$6:H$12),MIN(IF(H$6:H$12>0,H$6:H$12))/H11)} -> 0.066019417 | R11: {=IF(I$2="benefice",I11/SUM(I$6:I$12),MIN(IF(I$6:I$12>0,I$6:I$12))/I11)} -> 0.1192 | S11: {=IF(J$2="benefice",J11/SUM(J$6:J$12),MIN(IF(J$6:J$12>0,J$6:J$12))/J11)} -> 0.625 | T11: =SUMPRODUCT(K11:S11,DATA!$B$7:$J$7) -> 0.33342053 | U11: =T11/$T$14 -> 0.72907592 | V11: =RANK(U11,$U$6:$U$12,0) -> 5 | W11: Glass/Epoxy | X11: 0.65823164 | Y11: 6
A12: =IF(DATA!A14="","",DATA!A14) -> Jute/epoxy | B12: 0.57 | C12: 1.3 | D12: 12 | E12: 335 | F12: 2.5 | G12: 13 | H12: 285 | I12: 3e-05 | J12: 3 | K12: {=IF(B$2="benefice",B12/SUM(B$6:B$12),MIN(IF(B$6:B$12>0,B$6:B$12))/B12)} -> 0.96491228 | L12: {=IF(C$2="benefice",C12/SUM(C$6:C$12),MIN(IF(C$6:C$12>0,C$6:C$12))/C12)} -> 1 | M12: {=IF(D$2="benefice",D12/SUM(D$6:D$12),MIN(IF(D$6:D$12>0,D$6:D$12))/D12)} -> 0.023762376 | N12: {=IF(E$2="benefice",E12/SUM(E$6:E$12),MIN(IF(E$6:E$12>0,E$6:E$12))/E12)} -> 0.058844195 | O12: {=IF(F$2="benefice",F12/SUM(F$6:F$12),MIN(IF(F$6:F$12>0,F$6:F$12))/F12)} -> 0.047938639 | P12: {=IF(G$2="benefice",G12/SUM(G$6:G$12),MIN(IF(G$6:G$12>0,G$6:G$12))/G12)} -> 0.024482109 | Q12: {=IF(H$2="benefice",H12/SUM(H$6:H$12),MIN(IF(H$6:H$12>0,H$6:H$12))/H12)} -> 0.055339806 | R12: {=IF(I$2="benefice",I12/SUM(I$6:I$12),MIN(IF(I$6:I$12>0,I$6:I$12))/I12)} -> 0.099333333 | S12: {=IF(J$2="benefice",J12/SUM(J$6:J$12),MIN(IF(J$6:J$12>0,J$6:J$12))/J12)} -> 0.83333333 | T12: =SUMPRODUCT(K12:S12,DATA!$B$7:$J$7) -> 0.34358554 | U12: =T12/$T$14 -> 0.75130328 | V12: =RANK(U12,$U$6:$U$12,0) -> 3 | W12: Aluminium template | X12: 0.40368089 | Y12: 7
A13: =IF(DATA!A15="","",DATA!A15) | T13: Solution optimale S0
A14: =IF(DATA!A16="","",DATA!A16) | T14: =MAX(T6:T12) -> 0.45731936
A15: =IF(DATA!A17="","",DATA!A17)
A16: =IF(DATA!A18="","",DATA!A18)
A17: =IF(DATA!A19="","",DATA!A19)
A18: =IF(DATA!A20="","",DATA!A20)
A19: =IF(DATA!A21="","",DATA!A21)

Sheet Ranking & analysis
A1: Result ranking matrix | B1: METHODS
A2: Materials | B2: CRITIC-TOPSIS | C2: CRITIC-VIKOR | D2: CRITIC-ARAS | E2: ENTROPY-TOPSIS | F2: ENTROPY-VIKOR | G2: ENTROPY-ARAS
A3: =IF(DATA!A8="","",DATA!A8) -> Flax/Epoxy | B3: 5 | C3: 1 | D3: 4 | E3: 6 | F3: 1 | G3: 4
A4: =IF(DATA!A9="","",DATA!A9) -> Carbon/Epoxy | B4: 4 | C4: 5 | D4: 1 | E4: 4 | F4: 6 | G4: 2
A5: =IF(DATA!A10="","",DATA!A10) -> Glass/Epoxy | B5: 6 | C5: 7 | D5: 6 | E5: 5 | F5: 5 | G5: 6
A6: =IF(DATA!A11="","",DATA!A11) -> Aluminium template | B6: 7 | C6: 3 | D6: 7 | E6: 7 | F6: 4 | G6: 7
A7: =IF(DATA!A12="","",DATA!A12) -> Chromium steel template | B7: 3 | C7: 6 | D7: 2 | E7: 3 | F7: 7 | G7: 1
A8: =IF(DATA!A13="","",DATA!A13) -> Hemp/Epoxy | B8: 1 | C8: 2 | D8: 5 | E8: 1 | F8: 2 | G8: 5
A9: =IF(DATA!A14="","",DATA!A14) -> Jute/epoxy | B9: 2 | C9: 4 | D9: 3 | E9: 2 | F9: 3 | G9: 3
A10: =IF(DATA!A15="","",DATA!A15) | B10: Rang Moyen | C10: Ecart-type | D10: Rang de stabilité | E10: RIi​ (indice robustesse =1 optimal)
A11: Flax/Epoxy | B11: =AVERAGE(B3:G3) -> 3.5 | C11: =_xlfn.STDEV.S(B3:G3) -> 2.0736441 | D11: =RANK(G3,$G$3:$G$9,1) -> 4 | E11: =1-(G3/MAX($G$3:$G$9)) -> 0.42857143
A12: Carbon/Epoxy | B12: =AVERAGE(B4:G4) -> 3.6666667 | C12: =_xlfn.STDEV.S(B4:G4) -> 1.8618987 | D12: =RANK(G4,$G$3:$G$9,1) -> 2 | E12: =1-(G4/MAX($G$3:$G$9)) -> 0.71428571
A13: Glass/Epoxy | B13: =AVERAGE(B5:G5) -> 5.8333333 | C13: =_xlfn.STDEV.S(B5:G5) -> 0.75277265 | D13: =RANK(G5,$G$3:$G$9,1) -> 6 | E13: =1-(G5/MAX($G$3:$G$9)) -> 0.14285714
A14: Aluminium template | B14: =AVERAGE(B6:G6) -> 5.8333333 | C14: =_xlfn.STDEV.S(B6:G6) -> 1.8348479 | D14: =RANK(G6,$G$3:$G$9,1) -> 7 | E14: =1-(G6/MAX($G$3:$G$9)) -> 0
A15: Chromium steel template | B15: =AVERAGE(B7:G7) -> 3.6666667 | C15: =_xlfn.STDEV.S(B7:G7) -> 2.3380904 | D15: =RANK(G7,$G$3:$G$9,1) -> 1 | E15: =1-(G7/MAX($G$3:$G$9)) -> 0.85714286
A16: Hemp/Epoxy | B16: =AVERAGE(B8:G8) -> 2.6666667 | C16: =_xlfn.STDEV.S(B8:G8) -> 1.8618987 | D16: =RANK(G8,$G$3:$G$9,1) -> 5 | E16: =1-(G8/MAX($G$3:$G$9)) -> 0.28571429
A17: Jute/epoxy | B17: =AVERAGE(B9:G9) -> 2.8333333 | C17: =_xlfn.STDEV.S(B9:G9) -> 0.75277265 | D17: =RANK(G9,$G$3:$G$9,1) -> 3 | E17: =1-(G9/MAX($G$3:$G$9)) -> 0.57142857

Sheet raw ranking
A1: Materials | B1: CRITIC-TOPSIS | C1: CRITIC-VIKOR | D1: CRITIC-ARAS | E1: ENTROPY-TOPSIS | F1: ENTROPY-VIKOR | G1: ENTROPY-ARAS
A2: Flax/Epoxy | B2: 5 | C2: 1 | D2: 4 | E2: 6 | F2: 1 | G2: 4
A3: Carbon/Epoxy | B3: 4 | C3: 5 | D3: 1 | E3: 4 | F3: 6 | G3: 2
A4: Glass/Epoxy | B4: 6 | C4: 7 | D4: 6 | E4: 5 | F4: 5 | G4: 6
A5: Aluminium template | B5: 7 | C5: 3 | D5: 7 | E5: 7 | F5: 4 | G5: 7
A6: Chromium steel template | B6: 3 | C6: 6 | D6: 2 | E6: 3 | F6: 7 | G6: 1
A7: Hemp/Epoxy | B7: 1 | C7: 2 | D7: 5 | E7: 1 | F7: 2 | G7: 5
A8: Jute/epoxy | B8: 2 | C8: 4 | D8: 3 | E8: 2 | F8: 3 | G8: 3

Sheet Spearman
B1: CRITIC-TOPSIS | C1: CRITIC-VIKOR | D1: CRITIC-ARAS | E1: ENTROPY-TOPSIS | F1: ENTROPY-VIKOR | G1: ENTROPY-ARAS
A2: CRITIC-TOPSIS | B2: 1 | C2: 0.14285714 | D2: 0.5 | E2: 0.96428571 | F2: 0.14285714 | G2: 0.53571429
A3: CRITIC-VIKOR | B3: 0.14285714 | C3: 1 | D3: -0.21428571 | E3: -0.071428571 | F3: 0.85714286 | G3: -0.25
A4: CRITIC-ARAS | B4: 0.5 | C4: -0.21428571 | D4: 1 | E4: 0.42857143 | F4: -0.39285714 | G4: 0.96428571
A5: ENTROPY-TOPSIS | B5: 0.96428571 | C5: -0.071428571 | D5: 0.42857143 | E5: 1 | F5: 0 | G5: 0.46428571
A6: ENTROPY-VIKOR | B6: 0.14285714 | C6: 0.85714286 | D6: -0.39285714 | E6: 0 | F6: 1 | G6: -0.42857143
A7: ENTROPY-ARAS | B7: 0.53571429 | C7: -0.25 | D7: 0.96428571 | E7: 0.46428571 | F7: -0.42857143 | G7: 1

Sheet Kendall
B1: CR-TOP | C1: CR-VIK | D1: CR-ARAS | E1: EN-TOP | F1: EN-VIK | G1: EN-ARAS
A2: CR-TOP | B2: 2 | C2: 0.28571429 | D2: 0.66666667 | E2: 1.8095238 | F2: 0.095238095 | G2: 0.85714286
A3: CR-VIK | B3: 0.28571429 | C3: 2 | D3: -0.28571429 | E3: 0.095238095 | F3: 1.4285714 | G3: -0.47619048
A4: CR-ARAS | B4: 0.66666667 | C4: -0.28571429 | D4: 2 | E4: 0.47619048 | F4: -0.47619048 | G4: 1.8095238
A5: EN-TOP | B5: 1.8095238 | C5: 0.095238095 | D5: 0.47619048 | E5: 2 | F5: -0.095238095 | G5: 0.66666667
A6: EN-VIK | B6: 0.095238095 | C6: 1.4285714 | D6: -0.47619048 | E6: -0.095238095 | F6: 2 | G6: -0.66666667
A7: EN-ARAS | B7: 0.85714286 | C7: -0.47619048 | D7: 1.8095238 | E7: 0.66666667 | F7: -0.66666667 | G7: 2

Sheet raw properties
A2: Alternative | B2: EF Single score | C2: Density (g/cm³) | D2: Tensile Modulus (GPa) | E2: Tensile Strength (MPa) | F2: Elongation at break (%) | G2: Flexural modulus (GPa) | H2: Flexural strength (MPa) | I2: CTE (µm/m·°C) | J2: Raw material cost (€/kg)
A4: Flax/Epoxy | B4: 0.59 | C4: 1.35 | D4: 35 | E4: 610 | F4: 1.8 | G4: 39 | H4: 520 | I4: 2e-05 | J4: 3.8
A5: Carbon/Epoxy | B5: 4.98 | C5: 1.42 | D5: 120 | E5: 2135 | F5: 1.15 | G5: 134 | H5: 1815 | I5: 2.98e-06 | J5: 20
A6: Glass/Epoxy | B6: 0.69 | C6: 1.8 | D6: 40 | E6: 1135 | F6: 1.3 | G6: 43 | H6: 965 | I6: 3.5e-05 | J6: 4
A7: Aluminium template | B7: 1.58 | C7: 2.7 | D7: 70 | E7: 330 | F7: 3.4 | G7: 70 | H7: 325 | I7: 2.3e-05 | J7: 10
A8: Chromium steel template | B8: 0.77 | C8: 7.9 | D8: 200 | E8: 750 | F8: 40 | G8: 200 | H8: 900 | I8: 1.7e-05 | J8: 2.5
A9: Hemp/Epoxy | B9: 0.55 | C9: 1.31 | D9: 28 | E9: 398 | F9: 2 | G9: 32 | H9: 340 | I9: 2.5e-05 | J9: 4
A10: Jute/epoxy | B10: 0.57 | C10: 1.3 | D10: 12 | E10: 335 | F10: 2.5 | G10: 13 | H10: 285 | I10: 3e-05 | J10: 3
